-1.0932775,-1.098104,-1.0929332,-1.0978942
-1.6103406,-1.6103406,-1.6103406,-1.6103406
-0.87948084,-0.88427687,-0.8793416,-0.884357
-1.6103406,-1.6103406,-1.6103406,-1.6103406
-1.0540929,-1.0589185,-1.0536513,-1.0586438
-1.6103406,-1.6103406,-1.6103406,-1.6103406
-0.9547353,-0.9596143,-0.9545188,-0.9593406
-1.6103406,-1.6103406,-1.6103406,-1.6103406
-1.0810504,-1.0858941,-1.0806785,-1.0856605
-1.6103406,-1.6103406,-1.6103406,-1.6103406
-0.9647584,-0.9696727,-0.96453047,-0.9693475
-1.6103406,-1.6103406,-1.6103406,-1.6103406
-0.759459,-0.76417303,-0.7593589,-0.7641301
-1.6103406,-1.6103406,-1.6103406,-1.6103406
-0.83791304,-0.8428159,-0.8377385,-0.8428817
-1.6103406,-1.6103406,-1.6103406,-1.6103406
-0.9993062,-1.0044513,-0.9990773,-1.0041108
-1.6103406,-1.6103406,-1.6103406,-1.6103406
-0.71523714,-0.72010183,-0.7151036,-0.71998835
-1.6103406,-1.6103406,-1.6103406,-1.6103406
-0.89233065,-0.89720297,-0.8921294,-0.89703417
-1.6103406,-1.6103406,-1.6103406,-1.6103406
-0.9423604,-0.9473634,-0.9421458,-0.9471307
-1.6103406,-1.6103406,-1.6103406,-1.6103406
-0.6293988,-0.63406324,-0.62914133,-0.63358355
-1.6103406,-1.6103406,-1.6103406,-1.6103406
-0.9148326,-0.9193778,-0.91467714,-0.91931677
-1.6103406,-1.6103406,-1.6103406,-1.6103406
-0.85171556,-0.8566289,-0.8515706,-0.8566947
-1.6103406,-1.6103406,-1.6103406,-1.6103406
-0.80244493,-0.8067584,-0.80223894,-0.8068147
-1.6103406,-1.6103406,-1.6103406,-1.6103406
-1.0132823,-1.0182719,-1.0130544,-1.0179324
-1.6103406,-1.6103406,-1.6103406,-1.6103406
-1.0427299,-1.0476604,-1.042274,-1.0473733
-1.6103406,-1.6103406,-1.6103406,-1.6103406
-0.9169955,-0.92185163,-0.91681814,-0.92172956
-1.6103406,-1.6103406,-1.6103406,-1.6103406
-0.8906436,-0.89544535,-0.89050245,-0.89542913
-1.6103406,-1.6103406,-1.6103406,-1.6103406
-1.0656381,-1.0704837,-1.0652394,-1.0702319
-1.6103406,-1.6103406,-1.6103406,-1.6103406
-0.86798334,-0.8731084,-0.8677974,-0.87301874
-1.6103406,-1.6103406,-1.6103406,-1.6103406
-0.93405867,-0.9389348,-0.9338536,-0.9387202
-1.6103406,-1.6103406,-1.6103406,-1.6103406
-0.4792962,-0.48478556,-0.47985506,-0.48387957
-1.6103406,-1.6103406,-1.6103406,-1.6103406
-1.1404061,-1.1444907,-1.1399922,-1.1439948
-1.6103406,-1.6103406,-1.6103406,-1.6103406
-1.056601,-1.0614924,-1.0561566,-1.0612206
-1.6103406,-1.6103406,-1.6103406,-1.6103406
-0.84225416,-0.8473525,-0.8420844,-0.8473306
-1.6103406,-1.6103406,-1.6103406,-1.6103406
-1.0413404,-1.0461783,-1.0408702,-1.0458865
-1.6103406,-1.6103406,-1.6103406,-1.6103406
-0.6672683,-0.6716542,-0.66691256,-0.6710248
-1.6103406,-1.6103406,-1.6103406,-1.6103406
-1.1669259,-1.1710954,-1.1665673,-1.1706786
-1.6103406,-1.6103406,-1.6103406,-1.6103406
-1.0292764,-1.0340772,-1.0290656,-1.0337796
-1.6103406,-1.6103406,-1.6103406,-1.6103406
-0.9629464,-0.96777296,-0.9626603,-0.96762323
-1.6103406,-1.6103406,-1.6103406,-1.6103406
-1.0000062,-1.0044532,-0.9998069,-1.0045667
-1.6103406,-1.6103406,-1.6103406,-1.6103406
-0.8074937,-0.8110242,-0.80842257,-0.8106227
-1.6103406,-1.6103406,-1.6103406,-1.6103406
-1.0543113,-1.0569644,-1.0542579,-1.0569587
-1.6103406,-1.6103406,-1.6103406,-1.6103406
-1.1399426,-1.1422,-1.1399064,-1.141521
-1.6103406,-1.6103406,-1.6103406,-1.6103406
-0.9520688,-0.95508814,-0.9519944,-0.95484114
-1.6103406,-1.6103406,-1.6103406,-1.6103406
-1.0117297,-1.014524,-1.0116677,-1.0144162
-1.6103406,-1.6103406,-1.6103406,-1.6103406
-1.003304,-1.0061145,-1.0032411,-1.0059533
-1.6103406,-1.6103406,-1.6103406,-1.6103406
-0.8732743,-0.8765874,-0.8740926,-0.87625074
-1.6103406,-1.6103406,-1.6103406,-1.6103406
-1.0310426,-1.0337892,-1.0309844,-1.0337119
-1.6103406,-1.6103406,-1.6103406,-1.6103406
-0.7870259,-0.7894044,-0.78696394,-0.79017115
-1.6103406,-1.6103406,-1.6103406,-1.6103406
-1.0699372,-1.0726008,-1.0698876,-1.0723567
-1.6103406,-1.6103406,-1.6103406,-1.6103406
-1.0548453,-1.057549,-1.05479,-1.0574927
-1.6103406,-1.6103406,-1.6103406,-1.6103406
-0.92058325,-0.92384195,-0.92050123,-0.9234967
-1.6103406,-1.6103406,-1.6103406,-1.6103406
-1.0312047,-1.0340028,-1.0311456,-1.0338712
-1.6103406,-1.6103406,-1.6103406,-1.6103406
-1.0366387,-1.0393977,-1.0365806,-1.0393147
-1.6103406,-1.6103406,-1.6103406,-1.6103406
-0.87257814,-0.8759322,-0.873425,-0.87555647
-1.6103406,-1.6103406,-1.6103406,-1.6103406
-1.0198216,-1.0226436,-1.0197606,-1.0225081
-1.6103406,-1.6103406,-1.6103406,-1.6103406
-0.84069777,-0.84419584,-0.8415618,-0.84379625
-1.6103406,-1.6103406,-1.6103406,-1.6103406
-0.99927473,-1.0021844,-0.9992099,-1.0020003
-1.6103406,-1.6103406,-1.6103406,-1.6103406
-0.9587836,-0.9618449,-0.9587102,-0.9615531
-1.6103406,-1.6103406,-1.6103406,-1.6103406
-1.0156283,-1.018456,-1.0155654,-1.0183282
-1.6103406,-1.6103406,-1.6103406,-1.6103406
-0.9013066,-0.90454435,-0.90209913,-0.9041877
-1.6103406,-1.6103406,-1.6103406,-1.6103406
-1.0225911,-1.0253797,-1.022531,-1.0252299
-1.6103406,-1.6103406,-1.6103406,-1.6103406
-1.0514235,-1.0541234,-1.0513682,-1.0540643
-1.6103406,-1.6103406,-1.6103406,-1.6103406
-0.9377856,-0.9408994,-0.9377084,-0.94065046
-1.6103406,-1.6103406,-1.6103406,-1.6103406
-0.96758795,-0.97050905,-0.9675183,-0.9702821
-1.6103406,-1.6103406,-1.6103406,-1.6103406
-1.0069356,-1.0097308,-1.0068736,-1.0096068
-1.6103406,-1.6103406,-1.6103406,-1.6103406
-0.9656234,-0.96861887,-0.9655528,-0.96838903
-1.6103406,-1.6103406,-1.6103406,-1.6103406
-0.87417936,-0.87738466,-0.87501097,-0.87705564
-1.6103406,-1.6103406,-1.6103406,-1.6103406
-0.9370246,-0.9400649,-0.93694735,-0.9398036
-1.6103406,-1.6103406,-1.6103406,-1.6103406
-0.5086665,-0.51118994,-0.5085645,-0.49211073
-1.6103406,-1.6103406,-1.6103406,-1.6103406
-0.56409216,-0.566669,-0.56399965,-0.56785154
-1.6103406,-1.6103406,-1.6103406,-1.6103406
-1.0175672,-1.0203538,-1.0175061,-1.020268
-1.6103406,-1.6103406,-1.6103406,-1.6103406
-0.9952235,-0.9980941,-0.9951587,-0.9979415
-1.6103406,-1.6103406,-1.6103406,-1.6103406
-0.75162935,-0.7540288,-0.75156355,-0.7548709
-1.6103406,-1.6103406,-1.6103406,-1.6103406
-0.7634568,-0.7658324,-0.763391,-0.7666478
-1.6103406,-1.6103406,-1.6103406,-1.6103406
-0.81856585,-0.81380224,-0.8185086,-0.82159853
-1.6103406,-1.6103406,-1.6103406,-1.6103406
-0.7226138,-0.72489214,-0.72254515,-0.7258973
-1.6103406,-1.6103406,-1.6103406,-1.6103406
-1.1576524,-1.1599088,-1.1576171,-1.1592612
-1.6103406,-1.6103406,-1.6103406,-1.6103406
-1.0107808,-1.0135703,-1.0107179,-1.0134692
-1.6103406,-1.6103406,-1.6103406,-1.6103406
-0.8480935,-0.85143137,-0.8489833,-0.8510556
-1.6103406,-1.6103406,-1.6103406,-1.6103406
-0.99651384,-0.99935675,-0.996449,-0.9991565
-1.6103406,-1.6103406,-1.6103406,-1.6103406
-1.0192456,-1.0220332,-1.0191846,-1.0219522
-1.6103406,-1.6103406,-1.6103406,-1.6103406
-1.0163903,-1.0191827,-1.0163293,-1.0190892
-1.6103406,-1.6103406,-1.6103406,-1.6103406
0.28950214,0.28720045,0.2897563,0.2879057
-1.6103406,-1.6103406,-1.6103406,-1.6103406
-1.0290761,-1.0318217,-1.0290179,-1.0317578
-1.6103406,-1.6103406,-1.6103406,-1.6103406
-1.0123019,-1.0151124,-1.0122409,-1.0149808
-1.6103406,-1.6103406,-1.6103406,-1.6103406
-1.01086,-1.0136552,-1.010798,-1.0135322
-1.6103406,-1.6103406,-1.6103406,-1.6103406
-0.9844737,-0.98735857,-0.98440695,-0.9871583
-1.6103406,-1.6103406,-1.6103406,-1.6103406
-0.97319555,-0.97613573,-0.97312593,-0.9758706
-1.6103406,-1.6103406,-1.6103406,-1.6103406
-0.9970088,-0.9999156,-0.996943,-0.9997306
-1.6103406,-1.6103406,-1.6103406,-1.6103406
-1.0268407,-1.0296168,-1.0267806,-1.0295005
-1.6103406,-1.6103406,-1.6103406,-1.6103406
-0.64499235,-0.6473174,-0.64491224,-0.64839506
-1.6103406,-1.6103406,-1.6103406,-1.6103406
-0.8710513,-0.87438345,-0.87187624,-0.8740115
-1.6103406,-1.6103406,-1.6103406,-1.6103406
-0.9741359,-0.97707987,-0.97406626,-0.97685194
-1.6103406,-1.6103406,-1.6103406,-1.6103406
-1.0794177,-1.0819707,-1.079371,-1.0817809
-1.6103406,-1.6103406,-1.6103406,-1.6103406
-1.1365476,-1.1388211,-1.1365113,-1.1381211
-1.6103406,-1.6103406,-1.6103406,-1.6103406
-1.0304866,-1.0332322,-1.0304284,-1.033154
-1.6103406,-1.6103406,-1.6103406,-1.6103406
-0.98210764,-0.9850488,-0.9820399,-0.98484087
-1.6103406,-1.6103406,-1.6103406,-1.6103406
-0.73735666,-0.732327,-0.73729086,-0.74072695
-1.6103406,-1.6103406,-1.6103406,-1.6103406
-1.0104985,-1.013269,-1.0104365,-1.0131841
-1.6103406,-1.6103406,-1.6103406,-1.6103406
-0.73347616,-0.72792673,-0.7334094,-0.7367368
-1.6103406,-1.6103406,-1.6103406,-1.6103406
-1.0192876,-1.0220551,-1.0192275,-1.021975
-1.6103406,-1.6103406,-1.6103406,-1.6103406
0.34635448,0.31911325,0.34647894,0.3195424
0.4348445,0.39725637,0.43498373,0.3977332
0.23158646,0.19705772,0.23169279,0.19742012
0.44838142,0.4180889,0.44852352,0.41857862
0.45512104,0.41857386,0.45526457,0.41906404
-1.6103406,-1.6103406,-1.6103406,-1.6103406
-1.0526195,-1.0552707,-1.0525651,-1.055264
-1.6103406,-1.6103406,-1.6103406,-1.6103406
0.8365474,0.7890177,0.8373852,0.7903242
0.37811375,0.33432674,0.37857866,0.33503532
0.7128582,0.66546774,0.7135763,0.6665783
0.8221936,0.77471924,0.82301664,0.77600145
-1.6103406,-1.6103406,-1.6103406,-1.6103406
0.61423445,0.5726881,0.6144171,0.5733099
0.4820509,0.44039345,0.4822054,0.44091702
-0.057786465,-0.096265316,-0.057714462,-0.09602213
0.46042252,0.41883707,0.46057224,0.41934586
0.6680951,0.6273055,0.66829014,0.62797165
-1.6103406,-1.6103406,-1.6103406,-1.6103406
0.83591413,0.79682827,0.8363695,0.797904
1.4663806,1.4234476,1.4673362,1.4257197
1.4058161,1.3629084,1.4067073,1.365025
1.1907392,1.1496964,1.1914334,1.1513429
1.4074359,1.3644438,1.4083285,1.3665643
-1.6103406,-1.6103406,-1.6103406,-1.6103406
0.67840767,0.63374424,0.67866087,0.63456345
0.053367138,0.008838654,0.053476334,0.0091872215
0.51892614,0.47362947,0.5191331,0.47429657
0.42679262,0.3808651,0.4269762,0.38145542
0.18859196,0.1440072,0.188725,0.14443254
-1.6103406,-1.6103406,-1.6103406,-1.6103406
-0.16918325,-0.21627092,-0.16909313,-0.21599579
-0.5937762,-0.6346946,-0.5936971,-0.63450956
0.2249217,0.17396545,0.22508526,0.17446661
0.084335804,0.034635067,0.08446932,0.035044193
0.12651968,0.07609987,0.12666178,0.07653475
-1.6103406,-1.6103406,-1.6103406,-1.6103406
0.03329897,-0.010417461,0.033403397,-0.010085106
0.32285404,0.2830367,0.32301092,0.28354406
0.095686436,0.053064823,0.09580088,0.05343008
-0.1104126,-0.15128183,-0.11025095,-0.15101528
0.017904758,-0.02514124,0.018006802,-0.024816513
-1.6103406,-1.6103406,-1.6103406,-1.6103406
-0.20191908,-0.24009228,-0.20179558,-0.23989725
-0.28008223,-0.31924438,-0.27997398,-0.31907415
0.35549545,0.3078494,0.3556285,0.30829525
0.38360453,0.3353572,0.3837428,0.33581972
0.4193678,0.37093496,0.41951275,0.3714199
-1.6103406,-1.6103406,-1.6103406,-1.6103406
0.23200464,0.17228651,0.23218441,0.172822
0.036423683,-0.020059109,0.03655958,-0.019655704
0.25313044,0.19326591,0.25331545,0.19381762
-0.20157528,-0.25441313,-0.20148182,-0.25413704
0.18961,0.13051224,0.18977928,0.13101673
-1.6103406,-1.6103406,-1.6103406,-1.6103406
0.23845625,0.18944216,0.23862457,0.18995905
-0.4676261,-0.5133176,-0.4675212,-0.51315546
0.20561361,0.15629053,0.2057743,0.15678358
-0.042502403,-0.089101315,-0.042390823,-0.0887599
-0.43663073,-0.48251677,-0.4365201,-0.4823451
-1.6103406,-1.6103406,-1.6103406,-1.6103406
0.69445133,0.6485429,0.6946583,0.64924955
0.51461077,0.4698038,0.51477575,0.470366
0.87786055,0.8310051,0.878119,0.83189154
0.8920202,0.84546804,0.89228296,0.8463702
0.9608617,0.91460085,0.9611473,0.91558266
-1.6103406,-1.6103406,-1.6103406,-1.6103406
0.4547372,0.4100232,0.45488596,0.41052723
0.29080343,0.24433374,0.29092312,0.2447362
0.10583305,0.06491566,0.10592508,0.06522703
0.53556013,0.48897314,0.53572464,0.489532
0.5102043,0.46375465,0.51036406,0.4642954
-1.6103406,-1.6103406,-1.6103406,-1.6103406
-0.22738075,-0.27903414,-0.22729254,-0.27877283
-0.24951744,-0.30020952,-0.24943256,-0.29995728
0.028020859,-0.028547764,0.02815342,-0.028154373
0.0506258,-0.006175518,0.050762177,-0.005768299
-0.012440205,-0.068154335,-0.01231575,-0.06778431
-1.6103406,-1.6103406,-1.6103406,-1.6103406
0.13762712,0.08535719,0.13773489,0.085706234
0.43204403,0.37761116,0.43220615,0.3781371
0.19091892,0.13763523,0.19103575,0.13801146
0.33096743,0.27621698,0.33110857,0.27667475
0.27924395,0.22494459,0.27937555,0.22537088
-1.6103406,-1.6103406,-1.6103406,-1.6103406
-0.37924433,-0.42931604,-0.37911177,-0.42911386
-0.44843054,-0.49712038,-0.4483142,-0.49694395
-0.4477601,-0.49623728,-0.44764376,-0.4960599
-0.38784742,-0.436913,-0.38771725,-0.43671465
-0.3172331,-0.36820698,-0.31708527,-0.36798048
-1.6103406,-1.6103406,-1.6103406,-1.6103406
-0.014424324,-0.057282925,-0.014326096,-0.05697298
0.1189599,0.07158375,0.11907959,0.07195997
-0.08591318,-0.12857056,-0.08582497,-0.12829351
0.15306568,0.105080605,0.15319109,0.1054759
0.26366282,0.21520805,0.2638092,0.21567059
-1.6103406,-1.6103406,-1.6103406,-1.6103406
0.18333483,0.15944672,0.18347597,0.15989637
-0.3724947,-0.39405823,-0.37238216,-0.3938737
0.0026192665,-0.023493767,0.0027275085,-0.02315092
-0.031480312,-0.059299946,-0.031377316,-0.05897522
-0.44766188,-0.46959925,-0.44756365,-0.46943903
-1.6103406,-1.6103406,-1.6103406,-1.6103406
-0.38656044,-0.4264903,-0.38643932,-0.42755365
-0.3230934,-0.36413336,-0.32295752,-0.3651967
-0.14372826,-0.19172573,-0.14354467,-0.19276428
-1.6103406,-1.6103406,-1.6103406,-1.6103406
-0.59931135,-0.6517625,-0.5992255,-0.65061903
-0.6425748,-0.6905618,-0.64249563,-0.6894555
-0.708158,-0.75917196,-0.7080407,-0.75727606
-1.6103406,-1.6103406,-1.6103406,-1.6103406
-0.2304492,-0.28605747,-0.23027325,-0.28562307
-0.31143856,-0.36719084,-0.3112855,-0.3668151
-1.6103406,-1.6103406,-1.6103406,-1.6103406
-0.74540186,-0.77951765,-0.7453017,-0.78033113
-0.8460355,-0.8767886,-0.8459592,-0.8775592
-0.41055727,-0.45564985,-0.41043997,-0.45652628
-1.6103406,-1.6103406,-1.6103406,-1.6103406
-0.888638,-0.93269587,-0.88856363,-0.93131304
-0.8551421,-0.89442873,-0.8550601,-0.8929858
-0.74775076,-0.8039937,-0.74764204,-0.80241156
-1.6103406,-1.6103406,-1.6103406,-1.6103406
-0.6116433,-0.6478667,-0.6115651,-0.6487527
-0.6207032,-0.65631914,-0.6206269,-0.6572032
-0.41300535,-0.45592833,-0.39171886,-0.45684004
-1.6103406,-1.6103406,-1.6103406,-1.6103406
-0.6404538,-0.69179106,-0.64037275,-0.6907096
-0.6081481,-0.6531081,-0.60806227,-0.6519904
-0.6939788,-0.74869967,-0.6939082,-0.7468629
-1.6103406,-1.6103406,-1.6103406,-1.6103406
0.5850754,0.56694984,0.5852704,0.5676074
0.8579593,0.84015083,0.8582325,0.84107494
0.7116742,0.69352865,0.7119026,0.6943002
-0.20324421,-0.23017883,-0.20312071,-0.2299695
-0.14853525,-0.17693853,-0.1484003,-0.17671013
-1.6103406,-1.6103406,-1.6103406,-1.6103406
0.4554758,0.4412098,0.4556136,0.4416957
0.9498596,0.9333863,0.9501138,0.93428516
1.0783348,1.0612841,1.07863,1.0623307
1.0976892,1.0805922,1.097991,1.0816627
1.230371,1.213058,1.2307229,1.2143087
-1.6103406,-1.6103406,-1.6103406,-1.6103406
-0.596272,-0.635201,-0.59619,-0.63598204
-0.5409064,-0.5793481,-0.5408139,-0.58013964
-0.48446226,-0.53013754,-0.4843583,-0.53093386
-1.6103406,-1.6103406,-1.6103406,-1.6103406
-0.90091085,-0.9465661,-0.9008374,-0.94521856
-0.8344798,-0.8762088,-0.8343921,-0.87474966
-0.6786094,-0.7360978,-0.67853403,-0.7344308
-1.6103406,-1.6103406,-1.6103406,-1.6103406
-0.4928336,-0.5320792,-0.49273348,-0.5329375
-0.46670294,-0.5053935,-0.46659708,-0.5062537
-0.4859891,-0.53077936,-0.485888,-0.53163767
-1.6103406,-1.6103406,-1.6103406,-1.6103406
-0.9042859,-0.94778204,-0.9042144,-0.94639635
-0.8910613,-0.9290948,-0.8909869,-0.92767763
-0.7601638,-0.8147731,-0.7600589,-0.8131757
-1.6103406,-1.6103406,-1.6103406,-1.6103406
-0.6453023,-0.6858859,-0.64522505,-0.6851821
-0.6153798,-0.6551194,-0.6152978,-0.6543956
-0.5714278,-0.6188121,-0.5713372,-0.6180644
-1.6103406,-1.6103406,-1.6103406,-1.6103406
-0.42452478,-0.47835398,-0.42440557,-0.47747755
-0.38054323,-0.43045282,-0.38041353,-0.4295478
-0.5140023,-0.5710788,-0.5139022,-0.5702596
-1.6103406,-1.6103406,-1.6103406,-1.6103406
-0.4873271,-0.52539206,-0.48722696,-0.5262904
-0.5083518,-0.5458722,-0.5082545,-0.5467496
-0.50287676,-0.5468116,-0.5027795,-0.547688
-1.6103406,-1.6103406,-1.6103406,-1.6103406
-0.52037764,-0.57371664,-0.5202794,-0.572927
-0.5487256,-0.5980487,-0.5486331,-0.5972743
-0.4743514,-0.53136206,-0.47424364,-0.53054667
-1.6103406,-1.6103406,-1.6103406,-1.6103406
-0.14462948,-0.18032598,-0.14447832,-0.15154314
-0.12447548,-0.15975857,-0.12431908,-0.13159227
-0.17304802,-0.21309996,-0.17290354,-0.18330717
-1.6103406,-1.6103406,-1.6103406,-1.6103406
-0.60791063,-0.65792894,-0.6078296,-0.65719557
-0.59572554,-0.63981676,-0.5956416,-0.63907194
-0.5616145,-0.6154704,-0.56152487,-0.6147113
-1.6103406,-1.6103406,-1.6103406,-1.6103406
0.5410013,0.5197139,0.5412264,0.5204277
0.28412437,0.26629734,0.2842846,0.26680613
0.17247343,0.15371704,0.17261076,0.15415192
0.57117414,0.54978275,0.5714078,0.5505247
0.5302558,0.5090084,0.530478,0.5097122
-1.6103406,-1.6103406,-1.6103406,-1.6103406
-0.29371643,-0.33654642,-0.2935729,-0.33754158
-0.2674346,-0.30966043,-0.2672844,-0.31065226
-0.3190322,-0.36616898,-0.31889486,-0.36716604
-1.6103406,-1.6103406,-1.6103406,-1.6103406
-0.46944284,-0.5284982,-0.4693284,-0.5277505
-0.5302148,-0.5837245,-0.53011274,-0.58300734
-0.32652998,-0.3921299,-0.32637978,-0.39130688
-1.6103406,-1.6103406,-1.6103406,-1.6103406
-0.613626,-0.64447355,-0.6135459,-0.65306616
-0.6231713,-0.65336084,-0.6230922,-0.66204023
-0.5051303,-0.5445466,-0.50502825,-0.55220747
-1.6103406,-1.6103406,-1.6103406,-1.6103406
-0.5497594,-0.6047158,-0.54966307,-0.6040139
-0.5107236,-0.5591636,-0.51061964,-0.5584359
-0.5658412,-0.6236625,-0.5657487,-0.62297106
-1.6103406,-1.6103406,-1.6103406,-1.6103406
-0.52069235,-0.558022,-0.52059793,-0.5590234
-0.58472013,-0.62009287,-0.58463717,-0.62107897
-0.20140457,-0.24615288,-0.20123625,-0.24715185
-1.6103406,-1.6103406,-1.6103406,-1.6103406
-0.58546305,-0.6371131,-0.5853734,-0.63594294
-0.55823183,-0.6060729,-0.5581374,-0.6048732
-0.6248336,-0.68165064,-0.62475157,-0.6805234
-1.6103406,-1.6103406,-1.6103406,-1.6103406
-0.45034552,-0.48465204,-0.4502406,-0.48571634
-0.4418378,-0.47572565,-0.44173098,-0.4767909
-0.5546708,-0.5956111,-0.55458593,-0.59665346
-1.6103406,-1.6103406,-1.6103406,-1.6103406
-0.49672842,-0.54462385,-0.49662924,-0.54568624
-0.49995565,-0.54150724,-0.49985743,-0.5425706
-0.54973745,-0.60251474,-0.54964876,-0.60356474
-1.6103406,-1.6103406,-1.6103406,-1.6103406
0.30156374,0.2609663,0.30182838,0.26146364
0.2719736,0.23223639,0.2722273,0.23271465
0.39955902,0.35506773,0.39986038,0.3556347
-1.6103406,-1.6103406,-1.6103406,-1.6103406
-0.50794744,-0.56118727,-0.50784636,-0.56039476
-0.4629016,-0.5100875,-0.46279097,-0.5092654
-0.6639533,-0.71580935,-0.6638808,-0.71408415
-1.6103406,-1.6103406,-1.6103406,-1.6103406
0.7930217,0.77500343,0.7932935,0.77590895
0.82500505,0.8070731,0.8252878,0.80801535
0.955812,0.937881,0.9561429,0.9389844
0.15469265,0.13882303,0.15481138,0.13921499
0.49954224,0.48232746,0.49973106,0.48295307
-1.6103406,-1.6103406,-1.6103406,-1.6103406
-0.4514985,-0.4851823,-0.45139837,-0.48647642
-0.42714357,-0.4602666,-0.42703867,-0.46156645
-0.3927288,-0.43202448,-0.39261627,-0.43333006
-1.6103406,-1.6103406,-1.6103406,-1.6103406
-0.45553827,-0.500299,-0.45544195,-0.5017648
-0.40838957,-0.4493642,-0.4082837,-0.4508443
-0.38179684,-0.43046236,-0.3816867,-0.43194723
-1.6103406,-1.6103406,-1.6103406,-1.6103406
-0.8404298,-0.8708968,-0.84035254,-0.8716903
-0.7958045,-0.82551336,-0.7957177,-0.8263297
-0.55549765,-0.5998807,-0.5554118,-0.6007714
-1.6103406,-1.6103406,-1.6103406,-1.6103406
-0.48165178,-0.53016233,-0.4815488,-0.53117514
-0.46188402,-0.505033,-0.46177626,-0.50604963
-0.5704484,-0.6233392,-0.5703616,-0.6243348
-1.6103406,-1.6103406,-1.6103406,-1.6103406
-0.44067812,-0.4783454,-0.4405675,-0.479218
-0.40896177,-0.4458871,-0.40884447,-0.4467597
-0.56843424,-0.61125994,-0.56834936,-0.61211824
-1.6103406,-1.6103406,-1.6103406,-1.6103406
-0.66400766,-0.71651506,-0.66392756,-0.7155299
-0.6431651,-0.69126654,-0.6430812,-0.6902585
-0.6974549,-0.7544446,-0.69738054,-0.7528348
-1.6103406,-1.6103406,-1.6103406,-1.6103406
-0.61496496,-0.6549344,-0.6148858,-0.65434504
-0.60906553,-0.6484513,-0.6089854,-0.64785814
-0.5182309,-0.5656104,-0.5181346,-0.56497145
-1.6103406,-1.6103406,-1.6103406,-1.6103406
-0.6014352,-0.65738153,-0.60134363,-0.65630865
-0.642818,-0.6944804,-0.642735,-0.69344187
-0.57193613,-0.6329961,-0.57183886,-0.63190126
-1.6103406,-1.6103406,-1.6103406,-1.6103406
-0.54791117,-0.59000254,-0.5478196,-0.58935213
-0.49724627,-0.54030275,-0.49714422,-0.53962374
-0.39335632,-0.44203043,-0.37580633,-0.4412942
-1.6103406,-1.6103406,-1.6103406,-1.6103406
-0.46525335,-0.5208087,-0.46514273,-0.5199914
-0.49975538,-0.5515065,-0.49965048,-0.5507064
-0.37601805,-0.43577814,-0.37588596,-0.43490934
-1.6103406,-1.6103406,-1.6103406,-1.6103406
0.09744358,0.08331299,0.097527504,0.08361292
0.6538272,0.63921833,0.6540041,0.63985205
1.166018,1.1508527,1.1663446,1.1520295
1.1396093,1.1245441,1.1399264,1.1256847
0.62940216,0.6149225,0.6295738,0.6155367
-1.6103406,-1.6103406,-1.6103406,-1.6103406
-0.121209145,-0.15873957,-0.1210413,-0.15832233
-0.13881922,-0.17594767,-0.13865614,-0.17554235
-0.017645359,-0.06166029,-0.017448425,-0.06117344
-1.6103406,-1.6103406,-1.6103406,-1.6103406
-0.35224247,-0.40241385,-0.3521161,-0.40360022
-0.4527955,-0.49660254,-0.45269156,-0.49777842
-0.50725126,-0.5593047,-0.5071578,-0.5604682
-1.6103406,-1.6103406,-1.6103406,-1.6103406
-0.63633776,-0.67579126,-0.63626146,-0.67500067
-0.59183073,-0.6321473,-0.5917468,-0.6313262
-0.34015274,-0.39068604,-0.34001493,-0.38968992
-1.6103406,-1.6103406,-1.6103406,-1.6103406
-0.8334937,-0.8759103,-0.83341074,-0.874475
-0.8333163,-0.870111,-0.83323336,-0.8686671
-0.6873288,-0.7406926,-0.68720865,-0.73906755
-1.6103406,-1.6103406,-1.6103406,-1.6103406
-0.7617297,-0.7958398,-0.7616286,-0.79527044
-0.80011225,-0.833199,-0.8000207,-0.8326535
-0.86070776,-0.900682,-0.8606305,-0.9001775
-1.6103406,-1.6103406,-1.6103406,-1.6103406
-0.89038134,-0.9369626,-0.890306,-0.93562746
-0.7627711,-0.8049197,-0.7626653,-0.80338335
-0.7283702,-0.78665113,-0.6994872,-0.785089
-1.6103406,-1.6103406,-1.6103406,-1.6103406
-0.5267167,-0.5671687,-0.52662134,-0.56797457
-0.501101,-0.5407901,-0.5010009,-0.54159784
-0.41031027,-0.45624113,-0.4101901,-0.45705366
-1.6103406,-1.6103406,-1.6103406,-1.6103406
-0.3414712,-0.3931017,-0.34133673,-0.39412832
-0.2986312,-0.34652758,-0.29848576,-0.34755087
-0.42442656,-0.4774623,-0.42431116,-0.47848845
-1.6103406,-1.6103406,-1.6103406,-1.6103406
-0.61214304,-0.6520953,-0.61206293,-0.65132856
-0.62137556,-0.66010046,-0.6212964,-0.6593385
-0.48414087,-0.5288539,-0.48403692,-0.52800226
-1.6103406,-1.6103406,-1.6103406,-1.6103406
-0.4735999,-0.53011656,-0.4734912,-0.52928686
-0.60720015,-0.65401316,-0.6071172,-0.6532588
-0.3522339,-0.41232252,-0.3520975,-0.41142225
-1.6103406,-1.6103406,-1.6103406,-1.6103406
0.5964446,0.58129215,0.5966692,0.58202887
0.27934027,0.26386786,0.27948856,0.26435184
-0.24308014,-0.2595501,-0.24294996,-0.2593317
-0.13135529,-0.1463046,-0.1311984,-0.1460414
-0.33020163,-0.3465557,-0.33008957,-0.34636784
-1.6103406,-1.6103406,-1.6103406,-1.6103406
-0.32052135,-0.35986423,-0.3203931,-0.36117315
-0.32986212,-0.36870337,-0.32973623,-0.3700118
-0.41122293,-0.45475817,-0.41111422,-0.45605516
-1.6103406,-1.6103406,-1.6103406,-1.6103406
-0.5010295,-0.5559907,-0.5009265,-0.5552039
-0.49311686,-0.5426507,-0.49301195,-0.54185724
-0.48341894,-0.5418296,-0.48331213,-0.5410342
-1.6103406,-1.6103406,-1.6103406,-1.6103406
-0.62230635,-0.6556525,-0.62223196,-0.6565356
-0.65225077,-0.68501425,-0.65218115,-0.68588877
-0.5405307,-0.5823436,-0.540442,-0.58324194
-1.6103406,-1.6103406,-1.6103406,-1.6103406
-0.8469415,-0.89164305,-0.8468585,-0.89007235
-0.8888602,-0.92771864,-0.8887868,-0.9262109
-0.6829238,-0.7383523,-0.6828513,-0.73653364
-1.6103406,-1.6103406,-1.6103406,-1.6103406
-0.31661034,-0.3521061,-0.31649113,-0.3518095
-0.29890394,-0.33399773,-0.29878092,-0.3336916
-0.23367119,-0.2748804,-0.23353386,-0.2745409
-1.6103406,-1.6103406,-1.6103406,-1.6103406
-0.81976366,-0.8584666,-0.8196826,-0.8583245
-0.81600904,-0.8472686,-0.815927,-0.84712267
-0.5295501,-0.58030176,-0.48262644,-0.58152914
-1.6103406,-1.6103406,-1.6103406,-1.6103406
-0.19119501,-0.23127413,-0.1910286,-0.23243427
-0.17285728,-0.21240234,-0.17268562,-0.21355915
-0.35205317,-0.39639187,-0.35192728,-0.39756107
-1.6103406,-1.6103406,-1.6103406,-1.6103406
-0.36720037,-0.4212842,-0.36707115,-0.4222932
-0.33240604,-0.3830142,-0.33226824,-0.38402176
-0.29183054,-0.34892273,-0.29168272,-0.34992743
-1.6103406,-1.6103406,-1.6103406,-1.6103406
-0.06812191,-0.1033659,-0.06792879,-0.1047616
-0.09189558,-0.12674141,-0.091709614,-0.12814283
-0.40257788,-0.440866,-0.40246916,-0.4422679
-1.6103406,-1.6103406,-1.6103406,-1.6103406
-0.58591795,-0.6303935,-0.53436613,-0.6316438
-0.6315522,-0.67154646,-0.6314254,-0.67131853
-0.4666772,-0.51510096,-0.4210477,-0.5163903
-1.6103406,-1.6103406,-1.6103406,-1.6103406
-0.42970514,-0.46082163,-0.42961073,-0.4606042
-0.39542627,-0.4259696,-0.39532614,-0.42573786
-0.34629202,-0.3851118,-0.34618235,-0.38486147
-1.6103406,-1.6103406,-1.6103406,-1.6103406
-0.53204775,-0.5748372,-0.53196573,-0.5762801
-0.4958434,-0.532825,-0.49575567,-0.5342841
-0.57389975,-0.6223483,-0.5738244,-0.6237683
-1.6103406,-1.6103406,-1.6103406,-1.6103406
-0.6888385,-0.7206454,-0.6887269,-0.7215667
-0.65111685,-0.6822429,-0.6510482,-0.6831784
-0.5427642,-0.5831847,-0.54267645,-0.584146
-1.6103406,-1.6103406,-1.6103406,-1.6103406
-0.6455798,-0.69567347,-0.6455035,-0.69500875
-0.6473012,-0.6912265,-0.6472249,-0.69055986
-0.59519243,-0.65001726,-0.5951066,-0.64932585
-1.6103406,-1.6103406,-1.6103406,-1.6103406
-0.4397807,-0.46878862,-0.4396844,-0.4685502
-0.41895628,-0.44776678,-0.41885614,-0.41864443
-0.6089854,-0.6471076,-0.60886335,-0.64694357
-1.6103406,-1.6103406,-1.6103406,-1.6103406
-0.20593071,-0.2526784,-0.20580244,-0.25162458
-0.1304369,-0.17430115,-0.13029194,-0.1732173
0.13439703,0.08498287,0.13461399,0.08615494
-1.6103406,-1.6103406,-1.6103406,-1.6103406
-1.6103406,-1.6103406,-1.6103406,-1.6103406
3.4515676,2.2740788,4.1453047,3.3467298
1.7181296,1.6235242,1.7200365,1.626791
1.629067,1.5346966,1.630786,1.5376339
2.0153904,1.9222174,2.0180888,1.9269085
1.9357066,1.8433661,1.9381638,1.8476257
1.8564382,1.7593374,1.8586774,1.7631841
1.9052439,1.8076806,1.9076147,1.8117595
2.153274,2.0611987,2.1564522,2.066773
2.2601042,2.1678047,2.2637186,2.1741858
-1.6103406,-1.6103406,-1.6103406,-1.6103406
-0.005373478,-0.04824543,-0.004858017,-0.04767227
-0.0895524,-0.13171387,-0.0890708,-0.13117933
-0.2384243,-0.27898788,-0.23799801,-0.27851582
-0.102926254,-0.14336538,-0.102449894,-0.14283562
0.045871735,0.0046243668,0.04640913,0.005223751
0.016997814,-0.025022984,0.017523289,-0.024438858
-1.6103406,-1.6103406,-1.6103406,-1.6103406
0.2948346,0.25055218,0.2957468,0.25173807
0.18155622,0.13697958,0.18239737,0.13807297
0.3017416,0.25741482,0.30265856,0.25860643
0.24684906,0.20155954,0.24773026,0.20270443
0.11950207,0.07522631,0.12030649,0.076272964
0.15623426,0.111516476,0.15706015,0.11259031
0.06063366,0.016927242,0.061405182,0.017931461
0.13361073,0.08928013,0.13442326,0.0903368
-1.6103406,-1.6103406,-1.6103406,-1.6103406
0.47380638,0.42810106,0.47109175,0.42534637
0.36374664,0.31967068,0.36048603,0.31627464
0.5864091,0.5393033,0.5842128,0.53716326
0.5900006,0.5428238,0.58782053,0.54070234
0.063589096,0.02681446,0.06280899,0.021413803
0.24170065,0.20385599,0.24100494,0.1997199
0.2034297,0.16640234,0.20271301,0.16201305
0.14381361,0.10731697,0.14306688,0.10251331
0.27740574,0.2397232,0.2767315,0.23582315
-1.6103406,-1.6103406,-1.6103406,-1.6103406
0.69155455,0.64973974,0.6899934,0.64835024
0.7347946,0.69296503,0.7334151,0.69178534
0.71587896,0.6752119,0.7144203,0.67394686
0.6267648,0.58560467,0.62492466,0.5838976
0.4564228,0.41838217,0.45609093,0.41579485
-0.13738966,-0.17319155,-0.1380353,-0.17374516
0.2245574,0.18865776,0.22405767,0.18470144
-1.6103406,-1.6103406,-1.6103406,-1.6103406
0.44886827,0.41131258,0.44827032,0.4071703
0.5729542,0.53415966,0.5724721,0.53088665
0.7043948,0.66508627,0.704062,0.66267014
0.534482,0.49693823,0.5339618,0.49340916
-0.1644969,-0.20113134,-0.16538572,-0.20194149
0.49850512,0.46013498,0.49795103,0.456347
0.83674145,0.79523087,0.8349595,0.7936115
0.76482487,0.72507286,0.7645712,0.7230301
-1.6103406,-1.6103406,-1.6103406,-1.6103406
0.75223494,0.70414925,0.7518387,0.7040715
0.7589483,0.71076345,0.7585616,0.71069765
0.8440938,0.79561996,0.843832,0.7957196
0.97333145,0.9267235,0.97328997,0.9249449
0.98560333,0.9390354,0.9855852,0.9373436
0.89465046,0.8460517,0.8944707,0.8462591
0.9135995,0.8673687,0.9134517,0.86516523
0.3692479,0.32358408,0.36845446,0.3229766
0.7988877,0.7506547,0.79855776,0.75066423
-1.6103406,-1.6103406,-1.6103406,-1.6103406
0.76244307,0.72010565,0.76207495,0.7178359
0.7148638,0.67236996,0.71443367,0.66979265
0.36515236,0.32198286,0.3643837,0.3214059
0.73439884,0.6919923,0.733994,0.6895428
0.31899214,0.27766085,0.318192,0.27704048
0.31151676,0.26928282,0.31071138,0.26865435
0.4471383,0.4072733,0.4464326,0.40282488
0.597394,0.5561881,0.59682894,0.5528288
0.34300995,0.3011036,0.34222555,0.30050564
-1.6103406,-1.6103406,-1.6103406,-1.6103406
-0.026462555,-0.07265043,-0.02581501,-0.0718565
0.04485178,-0.0019693375,0.04553461,-0.0011324883
0.07893562,0.031774044,0.0796361,0.03263235
0.055341244,0.008778572,0.05602932,0.009622097
0.17974615,0.13152552,0.18050146,0.13245106
0.21738625,0.16911507,0.21816349,0.17006731
0.117166996,0.06980896,0.1178875,0.07069206
0.0992403,0.051822662,0.09995127,0.05269432
-1.6103406,-1.6103406,-1.6103406,-1.6103406
-0.9953246,-1.000339,-0.99515676,-0.9998059
-1.6103406,-1.6103406,-1.6103406,-1.6103406
-1.6103406,-1.6103406,-1.6103406,-1.6103406
-0.39944553,-0.43769026,-0.39892387,-0.43674994
-0.5026107,-0.5384917,-0.5021281,-0.53762007
-0.55756617,-0.5918679,-0.5571046,-0.5910325
-1.6103406,-1.6103406,-1.6103406,-1.6103406
-0.31130552,-0.38697338,-0.33014584,-0.38591337
-0.41395998,-0.48958254,-0.4349532,-0.4885974
-0.5563998,-0.626328,-0.5807748,-0.6254411
-1.0102525,-1.015305,-1.0100799,-1.0147815
-1.6103406,-1.6103406,-1.6103406,-1.6103406
-1.6103406,-1.6103406,-1.6103406,-1.6103406
-0.70667315,-0.7427802,-0.7062831,-0.7421794
-0.6696563,-0.7026992,-0.6692519,-0.7020745
-0.6830964,-0.71535635,-0.6826968,-0.7147403
-1.6103406,-1.6103406,-1.6103406,-1.6103406
-0.109793186,-0.16535616,-0.11198282,-0.1676631
-0.30118132,-0.35091877,-0.3032856,-0.35316563
-0.18257093,-0.23197508,-0.18473291,-0.23426723
-1.6103406,-1.6103406,-1.6103406,-1.6103406
-0.4195752,-0.49336576,-0.44007254,-0.49238443
-0.2810254,-0.35379314,-0.2987275,-0.35271072
-0.27636862,-0.34469223,-0.29398346,-0.34360313
-0.929749,-0.93488264,-0.9296212,-0.9343276
-1.6103406,-1.6103406,-1.6103406,-1.6103406
-1.6103406,-1.6103406,-1.6103406,-1.6103406
-0.458982,-0.49709368,-0.45849466,-0.49618483
-0.5174632,-0.5524421,-0.5169978,-0.5515704
-0.48576784,-0.52013254,-0.48529005,-0.51923895
-1.6103406,-1.6103406,-1.6103406,-1.6103406
-0.3411913,-0.41367579,-0.36141348,-0.41262102
-0.47937155,-0.5523219,-0.5027499,-0.5513692
-0.45637465,-0.52529764,-0.47919703,-0.52432394
-1.0079112,-1.0128837,-1.0077338,-1.0123801
-1.6103406,-1.6103406,-1.6103406,-1.6103406
-1.6103406,-1.6103406,-1.6103406,-1.6103406
-0.37182808,-0.41198492,-0.37127542,-0.41104364
-0.54659605,-0.58292913,-0.54611254,-0.58210325
-0.4895587,-0.526649,-0.4890523,-0.5257859
-1.6103406,-1.6103406,-1.6103406,-1.6103406
-0.56214094,-0.61193514,-0.5617175,-0.6111655
-0.63119173,-0.6796994,-0.6307931,-0.6789737
-0.6719718,-0.71579313,-0.67158747,-0.7150903
-1.0772538,-1.0820823,-1.0769162,-1.0817542
-1.6103406,-1.6103406,-1.6103406,-1.6103406
-1.6103406,-1.6103406,-1.6103406,-1.6103406
-0.50297594,-0.5389857,-0.5025401,-0.538075
-0.54517126,-0.5780196,-0.5447488,-0.5771365
-0.5385518,-0.5708556,-0.5381274,-0.56996775
-1.6103406,-1.6103406,-1.6103406,-1.6103406
-0.50364923,-0.57946825,-0.5266509,-0.5785527
-0.37941647,-0.451571,-0.3996067,-0.4505639
-0.36357927,-0.431993,-0.38343573,-0.43097067
-0.9904399,-0.9952893,-0.9902911,-0.9947629
-1.6103406,-1.6103406,-1.6103406,-1.6103406
-1.6103406,-1.6103406,-1.6103406,-1.6103406
-0.3765416,-0.4197526,-0.3759756,-0.41886568
-0.54894686,-0.58679247,-0.54845095,-0.5860133
-0.5070243,-0.5450759,-0.5065112,-0.5442691
-1.6103406,-1.6103406,-1.6103406,-1.6103406
-0.64591265,-0.7006736,-0.6454921,-0.70002604
-0.5810523,-0.6340556,-0.58060694,-0.63336897
-0.6111007,-0.6600528,-0.61066675,-0.6593814
-0.8131499,-0.8174243,-0.81305075,-0.81738997
-1.6103406,-1.6103406,-1.6103406,-1.6103406
-1.6103406,-1.6103406,-1.6103406,-1.6103406
-0.32854414,-0.37253237,-0.32794762,-0.3715973
-0.52734613,-0.5658536,-0.52683115,-0.5650468
-0.48392916,-0.523046,-0.483397,-0.5222106
-1.6103406,-1.6103406,-1.6103406,-1.6103406
-0.6795039,-0.73181105,-0.67911005,-0.73118925
-0.6703725,-0.72092104,-0.6699748,-0.7202916
-0.6495366,-0.6933875,-0.6491313,-0.6927409
-1.0488486,-1.0529742,-1.0483413,-1.0525937
-1.6103406,-1.6103406,-1.6103406,-1.6103406
-1.6103406,-1.6103406,-1.6103406,-1.6103406
-0.6654725,-0.7027383,-0.6650634,-0.70210695
-0.66795015,-0.7014699,-0.667542,-0.7008376
-0.69143915,-0.7240987,-0.69103956,-0.72347975
-1.6103406,-1.6103406,-1.6103406,-1.6103406
-0.5285039,-0.5842967,-0.5280709,-0.5835204
-0.71460676,-0.7650161,-0.7142396,-0.7643552
-0.82365274,-0.858583,-0.8221297,-0.8568959
-1.0652318,-1.0700936,-1.0648675,-1.0697341
-1.6103406,-1.6103406,-1.6103406,-1.6103406
-1.6103406,-1.6103406,-1.6103406,-1.6103406
-0.62115145,-0.65788794,-0.62073565,-0.657125
-0.5471711,-0.580668,-0.54672766,-0.57985353
-0.5092292,-0.5419669,-0.5087724,-0.5411277
-1.6103406,-1.6103406,-1.6103406,-1.6103406
0.7140851,0.6633868,0.71454906,0.66689205
0.6389127,0.5906582,0.6393347,0.5941
0.6146512,0.5683651,0.6150608,0.57178783
-0.9578681,-0.962728,-0.9577184,-0.9621768
-1.6103406,-1.6103406,-1.6103406,-1.6103406
-1.6103406,-1.6103406,-1.6103406,-1.6103406
-0.3057208,-0.3470726,-0.30513763,-0.3460698
-0.5485301,-0.58396864,-0.5480428,-0.58312845
-0.49533987,-0.53139734,-0.49483252,-0.53052187
-1.6103406,-1.6103406,-1.6103406,-1.6103406
0.69667864,0.6580839,0.71857786,0.64846516
0.65730095,0.62078476,0.68014336,0.6106925
0.65414,0.618999,0.67705965,0.6088834
-0.46366835,-0.46769285,-0.46298456,-0.46672487
-1.6103406,-1.6103406,-1.6103406,-1.6103406
-1.6103406,-1.6103406,-1.6103406,-1.6103406
-0.3386078,-0.37644053,-0.3404131,-0.3752389
-0.45450544,-0.48750067,-0.45624876,-0.48638582
-0.42601824,-0.4586482,-0.42777777,-0.45751143
-1.6103406,-1.6103406,-1.6103406,-1.6103406
-0.40718603,-0.46108484,-0.40669775,-0.4601283
-0.5755534,-0.6263976,-0.5751262,-0.62555647
-0.5771022,-0.62158537,-0.5766759,-0.6207404
-1.0968957,-1.1017375,-1.0965972,-1.1014638
-1.6103406,-1.6103406,-1.6103406,-1.6103406
-1.6103406,-1.6103406,-1.6103406,-1.6103406
-0.6934304,-0.73077726,-0.693027,-0.73017454
-0.65699434,-0.6912608,-0.6565776,-0.69063425
-0.67775774,-0.7113452,-0.6773486,-0.710731
-1.6103406,-1.6103406,-1.6103406,-1.6103406
0.85877943,0.8033576,0.85711145,0.7922416
-0.47758818,-0.52927923,-0.4794383,-0.5310044
0.81014633,0.75756025,0.8084316,0.7456751
-0.8605075,-0.8652129,-0.8604255,-0.86507463
-1.6103406,-1.6103406,-1.6103406,-1.6103406
-1.6103406,-1.6103406,-1.6103406,-1.6103406
-0.45579004,-0.49921274,-0.45525885,-0.4984784
-0.69953966,-0.73528814,-0.6991067,-0.73469114
-0.643168,-0.6799016,-0.6427121,-0.6792731
-1.6103406,-1.6103406,-1.6103406,-1.6103406
0.55039597,0.5119662,0.575438,0.5016017
0.46600008,0.4319663,0.49339294,0.4205265
0.5234494,0.48855495,0.54922056,0.47788334
-0.992578,-0.99736166,-0.9924264,-0.99683523
-1.6103406,-1.6103406,-1.6103406,-1.6103406
-1.6103406,-1.6103406,-1.6103406,-1.6103406
-0.5340295,-0.5732398,-0.5335603,-0.5724454
-0.50857687,-0.54441786,-0.5080981,-0.5436044
-0.5346694,-0.57003546,-0.53420115,-0.56923914
-1.6103406,-1.6103406,-1.6103406,-1.6103406
-0.17370844,-0.22938776,-0.17571068,-0.2279973
-0.2870121,-0.3394022,-0.28896904,-0.33810234
-0.296165,-0.34530735,-0.29811716,-0.34401226
-0.6581998,-0.6626954,-0.6578021,-0.66229296
-1.6103406,-1.6103406,-1.6103406,-1.6103406
-1.6103406,-1.6103406,-1.6103406,-1.6103406
-0.28693056,-0.3280368,-0.28635073,-0.32697916
-0.50318956,-0.53909254,-0.50269365,-0.5381837
-0.5396447,-0.5741267,-0.5391631,-0.57324266
-1.6103406,-1.6103406,-1.6103406,-1.6103406
-0.43771887,-0.511621,-0.45952082,-0.5106597
-0.43808508,-0.5108161,-0.4598956,-0.50985384
-0.41135263,-0.47809172,-0.43256044,-0.47710657
-0.91012335,-0.9151263,-0.9099984,-0.91456175
-1.6103406,-1.6103406,-1.6103406,-1.6103406
-1.6103406,-1.6103406,-1.6103406,-1.6103406
-0.107868195,-0.15049982,-0.109641075,-0.14909887
-0.39328003,-0.43042135,-0.39495897,-0.42924547
-0.3254819,-0.36339378,-0.32719135,-0.36216497
-1.6103406,-1.6103406,-1.6103406,-1.6103406
-0.53627443,-0.58506155,-0.53785944,-0.5841336
-0.60966635,-0.6587901,-0.61119986,-0.65791655
-0.5671401,-0.61049604,-0.5687051,-0.6095872
-1.0236773,-1.0286698,-1.0235038,-1.0282063
-1.6103406,-1.6103406,-1.6103406,-1.6103406
-1.6103406,-1.6103406,-1.6103406,-1.6103406
-0.5267682,-0.58575106,-0.549397,-0.584846
-0.47512388,-0.5282798,-0.49656153,-0.52733374
-0.44993067,-0.50217485,-0.4708104,-0.50120974
-1.6103406,-1.6103406,-1.6103406,-1.6103406
-0.34411526,-0.40023184,-0.34576654,-0.3991475
-0.4829688,-0.5353265,-0.48455286,-0.5343423
-0.42985773,-0.4779353,-0.43146944,-0.4769082
-0.9909415,-0.9959855,-0.9907718,-0.9954448
-1.6103406,-1.6103406,-1.6103406,-1.6103406
-1.6103406,-1.6103406,-1.6103406,-1.6103406
-0.5607505,-0.59897375,-0.5603051,-0.5981679
-0.53529215,-0.57064104,-0.53483725,-0.5698161
-0.5080199,-0.54306746,-0.50755453,-0.5422244
-1.6103406,-1.6103406,-1.6103406,-1.6103406
-0.41158628,-0.46586847,-0.41109514,-0.46493387
-0.564939,-0.6160426,-0.56450415,-0.615211
-0.5286746,-0.5747628,-0.5282264,-0.5739026
-1.0016799,-1.0066123,-1.0015273,-1.0060916
-1.6103406,-1.6103406,-1.6103406,-1.6103406
-1.6103406,-1.6103406,-1.6103406,-1.6103406
-0.59366846,-0.62999773,-0.59325457,-0.6292186
-0.6075187,-0.6396203,-0.60710955,-0.6388478
-0.5799041,-0.6114278,-0.5794854,-0.61063623
-1.6103406,-1.6103406,-1.6103406,-1.6103406
-0.44990683,-0.5019593,-0.4494462,-0.50105715
-0.662869,-0.71082544,-0.6624818,-0.7100663
-0.6044917,-0.6468692,-0.60408545,-0.6460662
-0.8662858,-0.8710942,-0.8662019,-0.87094927
-1.6103406,-1.6103406,-1.6103406,-1.6103406
-1.6103406,-1.6103406,-1.6103406,-1.6103406
-0.54359293,-0.5803189,-0.5431638,-0.5794406
-0.5020709,-0.53426695,-0.5016265,-0.5333562
-0.47425222,-0.5059962,-0.47379827,-0.5050664
-1.6103406,-1.6103406,-1.6103406,-1.6103406
-0.13546515,-0.18804407,-0.13789749,-0.18833494
-0.12682009,-0.17885303,-0.12925625,-0.179142
-0.1415267,-0.19010305,-0.14395571,-0.19039392
-0.8506961,-0.8550792,-0.85064554,-0.85505056
-1.6103406,-1.6103406,-1.6103406,-1.6103406
-1.6103406,-1.6103406,-1.6103406,-1.6103406
-0.38660145,-0.4258647,-0.3860731,-0.4249072
-0.48662233,-0.523211,-0.4861312,-0.5223203
-0.53920794,-0.57413435,-0.5387378,-0.5732789
-1.6103406,-1.6103406,-1.6103406,-1.6103406
-0.23831224,-0.31193924,-0.25715542,-0.3107705
-0.3695197,-0.42406702,-0.37113285,-0.42298365
-0.44383192,-0.49277925,-0.44541025,-0.49174643
-0.8017535,-0.80624056,-0.8016734,-0.80619764
-1.6103406,-1.6103406,-1.6103406,-1.6103406
-1.6103406,-1.6103406,-1.6103406,-1.6103406
-0.6333499,-0.67057943,-0.63293314,-0.66987276
-0.59797525,-0.6317582,-0.59754515,-0.6310277
-0.60795736,-0.6411576,-0.6075311,-0.64043283
-1.6103406,-1.6103406,-1.6103406,-1.6103406
-0.31047297,-0.36769676,-0.31225872,-0.3664956
-0.24844694,-0.3033147,-0.25025654,-0.3020625
-0.30500364,-0.35616112,-0.30679178,-0.3549509
-1.0377421,-1.0426888,-1.0372958,-1.0422206
-1.6103406,-1.6103406,-1.6103406,-1.6103406
-1.6103406,-1.6103406,-1.6103406,-1.6103406
-0.42897844,-0.46768045,-0.4284835,-0.46672583
-0.5344291,-0.5696597,-0.5339732,-0.5687766
-0.5144172,-0.5492263,-0.5139537,-0.54832983
-1.6103406,-1.6103406,-1.6103406,-1.6103406
0.21268415,0.15678692,0.21004534,0.15670443
0.20498466,0.14991665,0.2023468,0.1498313
0.22382689,0.17167377,0.22118664,0.17159796
-0.81340456,-0.8180661,-0.813334,-0.81802225
-1.6103406,-1.6103406,-1.6103406,-1.6103406
-1.6103406,-1.6103406,-1.6103406,-1.6103406
-0.40955877,-0.4459901,-0.4112115,-0.44491434
-0.5068078,-0.5407443,-0.5084071,-0.53974104
-0.4881959,-0.5218415,-0.48980665,-0.52082396
-1.6103406,-1.6103406,-1.6103406,-1.6103406
-0.1669159,-0.21894455,-0.16888428,-0.21756601
-0.53191614,-0.5799804,-0.5336919,-0.5788951
-0.48140478,-0.5247836,-0.48321676,-0.52365255
-0.97753763,-0.98263407,-0.9773669,-0.98208666
-1.6103406,-1.6103406,-1.6103406,-1.6103406
-1.6103406,-1.6103406,-1.6103406,-1.6103406
-0.14256573,-0.20279503,-0.16000128,-0.2014823
-0.35013056,-0.38941383,-0.35175085,-0.38824797
-0.31519794,-0.35485077,-0.3168316,-0.3536582
-1.6103406,-1.6103406,-1.6103406,-1.6103406
-0.5854287,-0.639585,-0.58499384,-0.63890886
-0.7020812,-0.7527394,-0.70168924,-0.752131
-0.70522547,-0.7506728,-0.70483446,-0.7500634
-1.0840745,-1.0889516,-1.0837398,-1.0886331
-1.6103406,-1.6103406,-1.6103406,-1.6103406
-1.6103406,-1.6103406,-1.6103406,-1.6103406
-0.5723119,-0.61080503,-0.57186556,-0.6100564
-0.59925604,-0.63423204,-0.59881926,-0.63349867
-0.56676626,-0.60130835,-0.5663171,-0.600554
-1.6103406,-1.6103406,-1.6103406,-1.6103406
-0.25765562,-0.3173647,-0.2595234,-0.31611395
-0.4686675,-0.52112246,-0.470428,-0.5200324
-0.38585043,-0.43722486,-0.3876586,-0.436069
-1.0982289,-1.1030793,-1.0979371,-1.1028104
-1.6103406,-1.6103406,-1.6103406,-1.6103406
-1.6103406,-1.6103406,-1.6103406,-1.6103406
-0.68356276,-0.72246313,-0.68314886,-0.72191095
-0.7097087,-0.74442244,-0.7093053,-0.7438817
-0.7491374,-0.78308916,-0.74874926,-0.78257036
-1.6103406,-1.6103406,-1.6103406,-1.6103406
-0.6636443,-0.71424913,-0.6632705,-0.71353006
-0.6133504,-0.66387033,-0.6129594,-0.66311693
-0.61124754,-0.655746,-0.6108556,-0.65498686
-0.8688264,-0.8735032,-0.8687825,-0.87299395
-1.6103406,-1.6103406,-1.6103406,-1.6103406
-1.6103406,-1.6103406,-1.6103406,-1.6103406
-0.41239023,-0.4520316,-0.4118905,-0.45103025
-0.4129815,-0.4498105,-0.41248274,-0.4488082
-0.44116735,-0.47743845,-0.44067812,-0.4764552
-1.6103406,-1.6103406,-1.6103406,-1.6103406
-0.2846427,-0.34003592,-0.2863345,-0.3388877
-0.47455072,-0.5265937,-0.47615576,-0.52558565
-0.4171319,-0.46473837,-0.4187665,-0.46368456
-1.0317683,-1.0367064,-1.0316014,-1.0362535
-1.6103406,-1.6103406,-1.6103406,-1.6103406
-1.6103406,-1.6103406,-1.6103406,-1.6103406
-0.6278949,-0.6657014,-0.62746763,-0.6650634
-0.71303797,-0.7463851,-0.71264315,-0.7457948
-0.72509146,-0.75780916,-0.72470045,-0.7572255
-1.6103406,-1.6103406,-1.6103406,-1.6103406
0.18519688,0.13427734,0.22752857,0.13269472
0.13796139,0.08879089,0.18243217,0.087210655
0.13828611,0.092638016,0.18274212,0.0910573
-1.0104756,-1.0148797,-1.0099387,-1.0144429
-1.6103406,-1.6103406,-1.6103406,-1.6103406
-1.6103406,-1.6103406,-1.6103406,-1.6103406
-0.13233852,-0.19089699,-0.1480236,-0.18961859
-0.33589554,-0.39315844,-0.35539007,-0.39203596
-0.31512117,-0.37230492,-0.33419085,-0.3711667
-1.6103406,-1.6103406,-1.6103406,-1.6103406
-0.16877079,-0.2445383,-0.18674326,-0.24330187
-0.40623713,-0.4596448,-0.4078517,-0.45857286
-0.37896776,-0.43005514,-0.38059473,-0.42896032
-1.11062,-1.1154056,-1.1103549,-1.115169
-1.6103406,-1.6103406,-1.6103406,-1.6103406
-1.6103406,-1.6103406,-1.6103406,-1.6103406
-0.46694994,-0.505281,-0.46648264,-0.50435686
-0.5389714,-0.57348967,-0.5385289,-0.57261324
-0.50793123,-0.5418868,-0.50747824,-0.54098845
-1.6103406,-1.6103406,-1.6103406,-1.6103406
-0.5270705,-0.57374144,-0.5269656,-0.57347727
-1.6103406,-1.6103406,-1.6103406,-1.6103406
0.565361,0.547657,0.56569815,0.54868126
-1.6103406,-1.6103406,-1.6103406,-1.6103406
-0.44332075,-0.46808958,-0.44319963,-0.4677682
-1.6103406,-1.6103406,-1.6103406,-1.6103406
-0.9130235,-0.937284,-0.9129672,-0.9414153
-1.6103406,-1.6103406,-1.6103406,-1.6103406
-0.06427717,-0.087863445,-0.06407738,-0.08727741
-1.6103406,-1.6103406,-1.6103406,-1.6103406
-1.0120072,-1.0380225,-1.0123687,-1.0376935
-1.6103406,-1.6103406,-1.6103406,-1.6103406
-0.9584565,-0.9786315,-0.95841074,-0.98278
-1.6103406,-1.6103406,-1.6103406,-1.6103406
0.15548134,0.13483953,0.15574026,0.13563728
-1.6103406,-1.6103406,-1.6103406,-1.6103406
0.72498083,0.7079668,0.72536373,0.70917463
-1.6103406,-1.6103406,-1.6103406,-1.6103406
0.9733639,0.9586673,0.9738307,0.96019745
-1.6103406,-1.6103406,-1.6103406,-1.6103406
-0.48623133,-0.51320314,-0.48610926,-0.5129018
-1.6103406,-1.6103406,-1.6103406,-1.6103406
-0.48793936,-0.5113864,-0.4878173,-0.5110822
-1.6103406,-1.6103406,-1.6103406,-1.6103406
0.041487694,0.018678665,0.041717052,0.019364834
-1.6103406,-1.6103406,-1.6103406,-1.6103406
-0.5523858,-0.5755353,-0.5522742,-0.5752692
-1.6103406,-1.6103406,-1.6103406,-1.6103406
-0.20280695,-0.22468472,-0.20263004,-0.22419071
-1.6103406,-1.6103406,-1.6103406,-1.6103406
-1.1265407,-1.1527171,-1.1264663,-1.1525359
-1.6103406,-1.6103406,-1.6103406,-1.6103406
-1.0023818,-1.0302987,-1.00281,-1.0299735
-1.6103406,-1.6103406,-1.6103406,-1.6103406
-0.6358676,-0.66045237,-0.63576746,-0.66105986
-1.6103406,-1.6103406,-1.6103406,-1.6103406
0.1252799,0.08346987,0.1254859,0.084050655
0.10003567,0.059304714,0.10023403,0.059864998
-1.6103406,-1.6103406,-1.6103406,-1.6103406
-1.1750903,-1.2013907,-1.174849,-1.2012782
-1.6103406,-1.6103406,-1.6103406,-1.6103406
-0.7924819,-0.814445,-0.79241323,-0.8150554
-1.6103406,-1.6103406,-1.6103406,-1.6103406
-1.189568,-1.2105727,-1.1892419,-1.210402
-1.6103406,-1.6103406,-1.6103406,-1.6103406
0.036266804,0.01431942,0.036494732,0.0150027275
-1.6103406,-1.6103406,-1.6103406,-1.6103406
-0.59358644,-0.61641645,-0.59347963,-0.6170659
-1.6103406,-1.6103406,-1.6103406,-1.6103406
-0.39994812,-0.42444944,-0.39980745,-0.42409182
-1.6103406,-1.6103406,-1.6103406,-1.6103406
-1.1824403,-1.2085643,-1.1822095,-1.2084575
-1.6103406,-1.6103406,-1.6103406,-1.6103406
-0.37273312,-0.39875364,-0.37259197,-0.39838314
-1.6103406,-1.6103406,-1.6103406,-1.6103406
1.1422524,1.1002417,1.1429043,1.1017871
1.2082844,1.1660156,1.2089887,1.1676869
1.0758996,1.0337963,1.0765023,1.035224
0.9611144,0.92060804,0.9616399,0.92185307
1.0683403,1.0263,1.0689378,1.0277143
0.28304005,0.2672181,0.28100348,0.2468667
-1.6103406,-1.6103406,-1.6103406,-1.6103406
-1.6103406,-1.6103406,-1.6103406,-1.6103406
0.66767454,0.65086937,0.6680627,0.6520519
-1.6103406,-1.6103406,-1.6103406,-1.6103406
-1.059032,-1.0901027,-1.061523,-1.0898442
-1.6103406,-1.6103406,-1.6103406,-1.6103406
0.31122828,0.2924657,0.31150007,0.29324818
-1.6103406,-1.6103406,-1.6103406,-1.6103406
-0.16790009,-0.1892643,-0.16772604,-0.18875885
-1.6103406,-1.6103406,-1.6103406,-1.6103406
-1.0706248,-1.0976396,-1.0709424,-1.0973678
-1.6103406,-1.6103406,-1.6103406,-1.6103406
0.39500904,0.3783803,0.3952875,0.37920666
0.022701263,0.022429943,0.022884846,0.022832394
-1.6103406,-1.6103406,-1.6103406,-1.6103406
-1.6103406,-1.6103406,-1.6103406,-1.6103406
1.8922343,0.52553844,2.6280837,1.804934
-1.6103406,-1.6103406,-1.6103406,-1.6103406
-0.77406454,-0.8235221,-0.7736764,-0.82312155
-0.69893885,-0.7532573,-0.69852114,-0.7528243
-1.6103406,-1.6103406,-1.6103406,-1.6103406
2.337973,0.99469566,3.060104,2.254641
-1.6103406,-1.6103406,-1.6103406,-1.6103406
2.3858738,1.0467105,3.1063428,2.3027558
-1.6103406,-1.6103406,-1.6103406,-1.6103406
1.9244523,0.55836153,2.6592603,1.8369265
-1.6103406,-1.6103406,-1.6103406,-1.6103406
1.8460474,0.47011375,2.5847244,1.7580476
-1.6103406,-1.6103406,-1.6103406,-1.6103406
1.7494869,0.37080622,2.4916062,1.6606231
-1.6103406,-1.6103406,-1.6103406,-1.6103406
2.591475,1.225636,3.3127456,2.508131
-1.6103406,-1.6103406,-1.6103406,-1.6103406
2.0890455,0.7381606,2.817161,2.0035005
-1.6103406,-1.6103406,-1.6103406,-1.6103406
2.8586555,1.585001,3.580596,2.792996
-1.6103406,-1.6103406,-1.6103406,-1.6103406
1.9338565,0.57202435,2.6675868,1.8463697
-1.6103406,-1.6103406,-1.6103406,-1.6103406
1.9366956,0.5733652,2.6707501,1.8498049
-1.6103406,-1.6103406,-1.6103406,-1.6103406
1.7523484,0.37825012,2.4935875,1.6636
-1.6103406,-1.6103406,-1.6103406,-1.6103406
2.609099,1.2477136,3.3292384,2.5257058
-1.6103406,-1.6103406,-1.6103406,-1.6103406
2.1532216,0.8060136,2.8793073,2.0682359
-1.6103406,-1.6103406,-1.6103406,-1.6103406
2.114314,0.7460046,2.8448524,2.0285044
-1.6103406,-1.6103406,-1.6103406,-1.6103406
2.0099645,0.64925003,2.7417765,1.9238195
-1.6103406,-1.6103406,-1.6103406,-1.6103406
1.7272863,0.3496375,2.4698281,1.637567
-1.6103406,-1.6103406,-1.6103406,-1.6103406
1.8233557,0.45399475,2.561481,1.7347298
-1.6103406,-1.6103406,-1.6103406,-1.6103406
2.1732955,0.8206091,2.9001155,2.0885797
-1.6103406,-1.6103406,-1.6103406,-1.6103406
2.2453904,0.8955622,2.9702606,2.1611772
-1.6103406,-1.6103406,-1.6103406,-1.6103406
2.796476,1.9304962,3.3784723,2.7472906
-1.6103406,-1.6103406,-1.6103406,-1.6103406
2.1272469,0.7741165,2.855044,2.0421052
-1.6103406,-1.6103406,-1.6103406,-1.6103406
1.987308,0.62470865,2.7200265,1.9009743
-1.6103406,-1.6103406,-1.6103406,-1.6103406
1.9211378,0.5504432,2.6568441,1.8339133
-1.6103406,-1.6103406,-1.6103406,-1.6103406
2.5420961,1.1762166,3.2643008,2.4586453
-1.6103406,-1.6103406,-1.6103406,-1.6103406
1.8801832,0.51208496,2.6165094,1.7921786
-1.6103406,-1.6103406,-1.6103406,-1.6103406
1.9215188,0.5425439,2.6586142,1.8340826
-1.6103406,-1.6103406,-1.6103406,-1.6103406
2.942863,1.6876869,3.662153,2.877514
-1.6103406,-1.6103406,-1.6103406,-1.6103406
2.0511708,0.6893492,2.782261,1.9653611
-1.6103406,-1.6103406,-1.6103406,-1.6103406
2.3621645,1.0153174,3.0846424,2.2790546
-1.6103406,-1.6103406,-1.6103406,-1.6103406
2.7078228,1.4030447,3.4235616,2.6331983
-1.6103406,-1.6103406,-1.6103406,-1.6103406
1.7912121,0.41084576,2.532291,1.7026572
-1.6103406,-1.6103406,-1.6103406,-1.6103406
1.9357204,0.57340765,2.6696634,1.848906
-1.6103406,-1.6103406,-1.6103406,-1.6103406
2.2579622,1.3679838,2.8545384,2.1836333
