0.5389421,0.5868544,3.3218594,3.2961068,-0.61561775,-0.8403485,0.40936399,0.29568744
0.5388744,0.5867875,3.3217916,3.29604,-0.61562824,-0.8403661,0.40936399,0.29568672
0.54200447,0.58986115,3.8608224,3.709968,-0.39153528,-0.6837709,0.57732964,0.43276978
0.54189676,0.58975446,3.8607144,3.7098615,-0.39155173,-0.6838033,0.5773275,0.43276596
0.53814954,0.5858046,3.8534665,3.702558,-0.5604923,-0.80637956,0.44577575,0.32460093
0.53807515,0.585731,3.853392,3.7024844,-0.56050324,-0.80639887,0.44577575,0.32459903
0.5376685,0.585435,3.9129279,3.7425458,-0.48157096,-0.74944973,0.5080066,0.37316418
0.5375759,0.5853433,3.9128351,3.742454,-0.4815855,-0.7494767,0.5080049,0.37316132
0.5409281,0.5904368,3.3962493,3.348537,-0.58640075,-0.82643366,0.42473364,0.30755877
0.5408584,0.59036785,3.3961794,3.3484678,-0.586411,-0.8264518,0.42473364,0.30755854
0.5330578,0.5812388,3.3840137,3.3418484,-0.49837518,-0.76247334,0.49208593,0.36200142
0.5329671,0.58114904,3.3839228,3.3417585,-0.49838948,-0.7624998,0.4920845,0.3619988
0.53841656,0.5859093,3.3968656,3.3535957,-0.31308198,-0.6257055,0.63904,0.4853449
0.5382824,0.5857762,3.3967314,3.3534627,-0.31310368,-0.62575173,0.63903713,0.48533988
0.53625077,0.5840751,3.385568,3.345187,-0.37331462,-0.6689327,0.5924151,0.4456675
0.53613424,0.58395964,3.3854513,3.3450713,-0.37333322,-0.66896987,0.5924127,0.4456632
0.5418349,0.5894424,3.3729908,3.334554,-0.52762127,-0.78172326,0.47152662,0.34406567
0.54175067,0.5893591,3.3729064,3.3344705,-0.5276346,-0.78174686,0.4715252,0.34406328
0.5466206,0.5935875,3.441923,3.5030208,-0.29728317,-0.619689,0.6482754,0.49162006
0.5464758,0.593444,3.4417782,3.5028772,-0.29730797,-0.6197417,0.6482723,0.49161458
0.5420912,0.5916959,3.392108,3.4685223,-0.44525003,-0.7232888,0.53385043,0.3964119
0.54198617,0.59159184,3.392003,3.4684181,-0.44526744,-0.7233193,0.5338485,0.39640832
0.5317,0.5800025,3.3245635,3.3000128,-0.470376,-0.73926187,0.51681733,0.38211608
0.531605,0.5799085,3.3244686,3.2999187,-0.47039104,-0.73926187,0.51681566,0.38211322
0.54062593,0.58810747,3.4015028,3.4780633,-0.24722624,-0.5868881,0.68815494,0.52893233
0.5404593,0.587942,3.4013362,3.4778976,-0.24725628,-0.5869496,0.68815064,0.5289254
0.542431,0.59002525,3.396298,3.471334,-0.4234221,-0.7084558,0.55013466,0.40967417
0.5423305,0.5899257,3.3961973,3.4712346,-0.42343736,-0.7084558,0.55013275,0.40967083
0.5454644,0.59259725,3.3955789,3.4711964,-0.39475298,-0.6866591,0.5739322,0.4300897
0.5453509,0.5924848,3.3954654,3.4710836,-0.39477134,-0.68669534,0.5739298,0.43008566
0.5508119,0.5992749,3.3884287,3.3467321,-0.33110046,-0.6383543,0.6245494,0.47218394
0.55068755,0.59915155,3.3883045,3.3466089,-0.33112025,-0.6383951,0.62454677,0.47217965
0.5399304,0.5868655,3.3575292,3.3236349,-0.52511144,-0.77842593,0.474885,0.34774637
0.53984874,0.5867847,3.3574476,3.323554,-0.5251236,-0.7784481,0.4748838,0.34774423
0.54069537,0.5884511,3.384964,3.3408327,-0.55426574,-0.8031943,0.449728,0.32721996
0.540619,0.5883755,3.3848877,3.3407574,-0.5542772,-0.80321455,0.449728,0.32721806
0.54447156,0.5917119,3.3726737,3.3347747,-0.43590903,-0.7176721,0.5408611,0.4017923
0.5443715,0.59161276,3.3725736,3.3346758,-0.43592453,-0.7177017,0.5408592,0.40178895
0.5466719,0.59347165,3.3856945,3.343674,-0.41011643,-0.7006433,0.55975604,0.41692233
0.5465666,0.5933672,3.3855891,3.3435695,-0.41013265,-0.70067525,0.5597539,0.41691875
0.5402471,0.58803743,3.44407,3.3780289,-0.5757351,-0.8191829,0.43286896,0.3135724
0.5401747,0.58796585,3.4439976,3.377957,-0.57574606,-0.8192017,0.43286896,0.3135717
0.53975767,0.5874034,3.4249446,3.368062,-0.42626,-0.70940423,0.54971766,0.40914822
0.53964764,0.5872944,3.4248345,3.3679528,-0.42627835,-0.7094395,0.5497153,0.4091444
0.5376635,0.5849141,3.3277411,3.3022654,-0.4646182,-0.73582864,0.5205929,0.38460255
0.5375669,0.58481836,3.3276446,3.3021698,-0.46463346,-0.73582864,0.52059126,0.38459945
0.55644697,0.60078377,3.469974,3.401445,-0.14084601,-0.5253887,0.7664194,0.5867176
0.5562371,0.6005756,3.4697642,3.4012365,-0.1408844,-0.52547216,0.76641345,0.58670807
0.5425666,0.59383,3.9217591,3.8663075,-0.53542805,-0.78489804,0.4681089,0.34283137
0.54250664,0.5937707,3.921699,3.866248,-0.5354345,-0.7849102,0.4681089,0.34283137
0.53962487,0.58770406,3.9216654,3.8656306,-0.56874776,-0.8083708,0.44341087,0.32282543
0.53955084,0.587631,3.9215913,3.8655574,-0.5687587,-0.80839014,0.44341087,0.32282352
0.53482884,0.583318,3.9218044,3.868178,-0.4099877,-0.69762325,0.5616441,0.41982293
0.53471327,0.5832035,3.9216888,3.8680632,-0.41000748,-0.69765925,0.56164145,0.41981864
0.54399616,0.59124994,3.9243836,3.8674843,-0.55331707,-0.8000145,0.45227718,0.32992435
0.5439195,0.5911742,3.9243069,3.8674083,-0.5533285,-0.800035,0.45227718,0.3299222
0.5459635,0.5928436,3.9889648,3.9149108,-0.21432328,-0.5688317,0.7130954,0.55190015
0.54580677,0.5926879,3.9888082,3.9147549,-0.21434808,-0.5688832,0.71309185,0.5518987
0.5441386,0.59138167,3.8496594,3.700284,-0.55855036,-0.8020234,0.45040512,0.3283522
0.5440828,0.5913265,3.8496034,3.7002287,-0.5585563,-0.80203414,0.45040512,0.3283522
0.54357415,0.5909289,3.835738,3.6912677,-0.55507517,-0.8000829,0.45192146,0.3295467
0.54349536,0.590851,3.835659,3.69119,-0.55508757,-0.8001044,0.4519198,0.32954454
0.54564583,0.49998912,3.2511015,3.1589806,-0.09668422,-0.4367597,1.3985902,1.126618
0.54555476,0.49989897,3.2510104,3.1588905,-0.096690655,-0.43676186,1.3985902,1.126618
0.5232787,0.5875042,3.0891614,3.1179588,-1.0211802,-0.75858545,0.17351532,0.2826879
0.5231946,0.58742094,3.0890772,3.1178756,-1.0211868,-0.758589,0.17351484,0.28268766
2.3496428,2.3169847,2.957585,2.9457216,-0.000623703,-0.6391783,0.7843206,0.35190725
2.3495195,2.3168623,2.957462,2.9455988,-0.0006337166,-0.63921404,0.7843187,0.35190248
2.3433332,2.3134394,2.9438338,2.9364953,-0.1815424,-0.78076196,0.60987806,0.19829726
2.3432589,2.3133655,2.9437594,2.9364214,-0.1815474,-0.78077865,0.60987806,0.19829416
2.3470654,2.315578,2.95193,2.942101,-0.07381225,-0.6978586,0.712338,0.28866792
2.3470054,2.3155184,2.95187,2.9420414,-0.07381487,-0.6978681,0.712338,0.28866792
2.3341267,2.2852912,2.9539309,2.8218062,-0.10973239,-0.7288585,0.6799495,0.2585256
2.3340337,2.2851985,2.9538376,2.8217137,-0.1097393,-0.72888255,0.6799495,0.2585225
2.3328226,2.2846162,2.9508555,2.8196754,-0.15306258,-0.7624302,0.63933086,0.22222543
2.3327408,2.284535,2.9507735,2.819594,-0.15306807,-0.76245,0.63933086,0.22222209
2.3332422,2.2847996,2.9519699,2.8204439,-0.13629293,-0.7495189,0.6547525,0.23604083
2.3331587,2.2847164,2.9518864,2.820361,-0.13629866,-0.7495389,0.6547525,0.2360375
2.336495,2.2866008,2.9590638,2.8251035,-0.041570902,-0.6749792,0.74662924,0.3168521
2.3363857,2.2864923,2.958955,2.8249953,-0.041579485,-0.675009,0.74662733,0.31684804
2.332659,2.2845645,2.95036,2.8193438,-0.16117358,-0.7686651,0.63187146,0.21555018
2.3325806,2.2844865,2.9502816,2.8192658,-0.16117883,-0.76868343,0.63187146,0.21554708
2.4458568,2.3719594,3.2781162,3.0730913,-0.009438992,-0.66282725,0.77618074,0.34694958
2.4457288,2.3718321,3.2779884,3.0729642,-0.009450197,-0.6628678,0.77617836,0.34694433
2.4436707,2.370779,3.2733467,3.0700405,-0.071826935,-0.7139659,0.7150843,0.2934177
2.443599,2.3707078,3.273275,3.0699692,-0.07183075,-0.71397996,0.7150843,0.29341602
2.4398727,2.3687637,3.2647636,3.0642312,-0.19265056,-0.8092959,0.6002562,0.19309378
2.4397984,2.36869,3.2646892,3.0641575,-0.19265556,-0.80931354,0.6002562,0.19309163
2.4434574,2.3706803,3.272834,3.0697265,-0.07925725,-0.7197499,0.7078023,0.28711247
2.443358,2.3705819,3.2727349,3.0696278,-0.07926464,-0.7197771,0.7078023,0.28710914
2.4406824,2.3692124,3.2665732,3.0655265,-0.167243,-0.78954816,0.62373066,0.21378946
2.440604,2.3691344,3.2664948,3.0654488,-0.16724849,-0.7895675,0.62373066,0.21378708
2.4610167,2.4006844,3.2841563,3.1937335,-0.17597222,-0.78992105,0.61323977,0.20586443
2.4609392,2.4006073,3.2840788,3.1936562,-0.17597747,-0.7899399,0.61323977,0.20586205
2.465307,2.4030588,3.2935307,3.2000468,-0.04879737,-0.6894815,0.735615,0.31242657
2.4651978,2.4029503,3.2934217,3.1999383,-0.048805952,-0.6895125,0.73561335,0.3124225
2.4615548,2.4009843,3.2853572,3.1945944,-0.15936565,-0.77706957,0.6286588,0.21943593
2.4614742,2.4009044,3.2852767,3.1945145,-0.15937114,-0.77708936,0.6286588,0.21943355
2.465064,2.4028993,3.2930777,3.1997366,-0.053885937,-0.693537,0.7306106,0.3080709
2.4649482,2.402784,3.292962,3.1996214,-0.053895712,-0.6935723,0.7306087,0.30806637
2.462025,2.401259,3.2863686,3.1953275,-0.14599276,-0.76665497,0.64107704,0.23038864
2.4619408,2.4011753,3.2862844,3.1952436,-0.14599872,-0.7666762,0.64107704,0.23038602
2.4447677,2.3718433,3.278059,3.0737815,-0.11592126,-0.74754643,0.67213416,0.25579858
2.444676,2.371752,3.2779672,3.0736902,-0.115927935,-0.747571,0.67213416,0.25579572
2.4431086,2.3709557,3.274286,3.0711439,-0.16876125,-0.78909683,0.62257266,0.21227908
2.4430273,2.370875,3.2742047,3.071063,-0.16876721,-0.7891176,0.62257266,0.2122767
2.4463499,2.3727324,3.281408,3.0759485,-0.071112394,-0.71168995,0.7159581,0.29380155
2.4462466,2.3726296,3.281305,3.075846,-0.0711205,-0.7117188,0.71595645,0.29379797
2.44353,2.3712342,3.2750833,3.0717402,-0.15938282,-0.78179383,0.6312344,0.21993446
2.4434502,2.3711548,3.2750034,3.0716605,-0.1593883,-0.7818134,0.6312344,0.21993232
2.4425962,2.370724,3.2729688,3.070231,-0.18916821,-0.8049488,0.60372615,0.19563937
2.4425213,2.3706496,3.2728941,3.0701566,-0.18917346,-0.8049667,0.60372615,0.19563699
2.4851806,2.4176445,3.3517966,3.2439723,-0.11052036,-0.7270572,0.67620206,0.25744367
2.4850845,2.4175494,3.3517008,3.243877,-0.110527754,-0.7270827,0.67620206,0.25744033
2.4849741,2.4174795,3.3514893,3.2437348,-0.11309314,-0.7290735,0.67367697,0.25525713
2.484884,2.4173899,3.3513992,3.2436452,-0.113099575,-0.72909594,0.67367697,0.25525427
2.4838276,2.4168172,3.3490093,3.2419655,-0.14563203,-0.7542157,0.64302444,0.22791505
2.4837449,2.416735,3.3489265,3.241883,-0.14563775,-0.75423574,0.64302444,0.22791171
2.485155,2.4176564,3.351663,3.2439058,-0.113289595,-0.7292359,0.6734836,0.25508857
2.4850645,2.4175665,3.3515725,3.2438157,-0.11329603,-0.7292588,0.6734836,0.25508547
2.4877229,2.4190295,3.3573742,3.2475398,-0.035838842,-0.66815424,0.74960184,0.3214364
2.487614,2.4189215,3.3572657,3.2474315,-0.035847187,-0.6681838,0.7496002,0.32143235
2.4833431,2.4161928,3.3464146,3.2397866,-0.09045744,-0.7124748,0.6957772,0.2747805
2.483247,2.4160974,3.3463185,3.239691,-0.09046459,-0.7124996,0.6957772,0.27477717
2.493429,2.4215622,3.3689058,3.2540839,0.18146014,-0.4896121,0.9636891,0.513078
2.493228,2.4213622,3.3687048,3.2538779,0.18144083,-0.4896841,0.9636843,0.5130675
2.4923022,2.4211042,3.36597,3.2523232,0.14595675,-0.51969934,0.9286318,0.48132277
2.4921174,2.4209204,3.3657851,3.2521396,0.14593935,-0.5197637,0.9286277,0.48131347
2.4813771,2.4152253,3.3416796,3.236615,-0.15896583,-0.765574,0.63050604,0.21719885
2.4812963,2.415145,3.3415987,3.2365344,-0.15897155,-0.7655935,0.63050604,0.21719527
2.4820528,2.4156256,3.3431318,3.2376711,-0.1400814,-0.75108075,0.64799,0.23307157
2.481968,2.4155412,3.343047,3.2375867,-0.1400876,-0.7511015,0.64799,0.2330687
2.4456098,2.3912497,3.248911,3.1077292,0.023275614,-0.6350448,0.808336,0.37517285
2.4454737,2.3911142,3.2487748,3.107594,0.023263931,-0.63508844,0.80833316,0.37516713
2.4450693,2.390917,3.247855,3.1070242,0.0115299225,-0.6447501,0.7968116,0.3649795
2.444936,2.3907843,3.2477217,3.1068916,0.011518478,-0.64479256,0.79680896,0.36497402
2.44426,2.3905365,3.2459233,3.1058302,-0.01454854,-0.6662407,0.77124023,0.34242487
2.4441392,2.3904147,3.2458024,3.10571,-0.014558554,-0.66627717,0.7712381,0.34242034
2.4483628,2.3926222,3.2552576,3.1117013,0.10170579,-0.5695255,0.8853774,0.44380403
2.44822,2.39248,3.2551148,3.1115592,0.101694345,-0.56956863,0.8853748,0.4437983
2.4407969,2.3886669,3.2383559,3.1009932,-0.1158905,-0.7483771,0.67204976,0.25593328
2.4407396,2.3886101,3.2382987,3.100936,-0.115893126,-0.7483864,0.67204976,0.25593328
2.4740129,2.4316356,3.2937558,3.2607193,-0.15759587,-0.76643467,0.63152194,0.2190392
2.4739306,2.4315538,3.2936738,3.2606375,-0.1576016,-0.76645494,0.63152194,0.21903658
2.4787927,2.4341908,3.3044758,3.2677526,-0.012332678,-0.6519656,0.77240825,0.34231377
2.4786782,2.434077,3.3043616,3.267639,-0.012341738,-0.6519973,0.77240634,0.3423097
2.4752793,2.4324408,3.2962923,3.262596,-0.1268754,-0.74274683,0.6599779,0.24433208
2.4751945,2.4323566,3.2962074,3.2625117,-0.12688136,-0.7427671,0.6599779,0.24432945
2.4741545,2.4318454,3.2936559,3.2607238,-0.16356874,-0.77101254,0.62598825,0.21413064
2.474074,2.4317653,3.2935753,3.2606437,-0.16357446,-0.77103233,0.62598825,0.21412826
2.4743102,2.4319403,3.2939816,3.260962,-0.159374,-0.76779985,0.62987375,0.21757555
2.474229,2.4318597,3.2939005,3.2608814,-0.15937948,-0.7678194,0.62987375,0.21757317
2.5060787,2.4288538,3.4057965,3.2158387,0.66201186,-0.07793856,1.4382429,0.9567406
2.5055103,2.4282868,3.405228,3.2152712,0.66195965,-0.07816315,1.4382277,0.9567127
2.467355,2.4083002,3.3198981,3.160696,-0.1644206,-0.76985717,0.6290145,0.21264362
2.4672763,2.4082217,3.3198195,3.1606176,-0.16442609,-0.76987576,0.6290145,0.21264029
2.467872,2.4085162,3.3212867,3.1616466,-0.1432364,-0.753634,0.64848924,0.23008275
2.4677901,2.4084349,3.3212047,3.1615653,-0.14324188,-0.7536533,0.64848924,0.23007941
2.4676793,2.4083698,3.3209743,3.1613998,-0.14611387,-0.75583816,0.64584446,0.22771287
2.467597,2.408288,3.320892,3.1613183,-0.1461196,-0.75585794,0.64584446,0.22770953
2.4684017,2.408784,3.322573,3.1625512,-0.1251843,-0.7396753,0.6650889,0.24499154
2.4683144,2.4086976,3.322486,3.1624649,-0.1251905,-0.73969674,0.6650889,0.24498796
2.4491665,2.3947797,3.2635581,3.1194415,-0.11568284,-0.7433567,0.6728318,0.2552886
2.4490774,2.3946912,3.2634692,3.1193528,-0.11568928,-0.7433796,0.6728318,0.25528598
2.448087,2.3941436,3.2612915,3.1178327,-0.14525604,-0.7665906,0.6448722,0.23078394
2.4480023,2.3940594,3.2612069,3.1177485,-0.145262,-0.7666118,0.6448722,0.23078132
2.4478452,2.3941588,3.2602742,3.1171916,-0.1643877,-0.7814841,0.6272204,0.21511221
2.4477658,2.3940802,3.2601948,3.1171126,-0.16439319,-0.78150344,0.6272204,0.21510983
2.4577281,2.3994045,3.282308,3.1314213,0.118896246,-0.5511677,0.90284467,0.45846868
2.4575655,2.3992426,3.2821455,3.1312597,0.11888194,-0.55122113,0.9028413,0.45846128
2.451296,2.3959792,3.2680802,3.1223676,-0.055665255,-0.69543433,0.7315414,0.3063538
2.4511867,2.3958704,3.2679708,3.1222587,-0.055673838,-0.69546604,0.7315395,0.30635
2.4675984,2.408268,3.3192012,3.1602128,-0.118824005,-0.73543096,0.6710496,0.25041127
2.4675093,2.4081795,3.3191123,3.1601245,-0.11883044,-0.7354531,0.6710496,0.2504077
2.4687428,2.408682,3.3223085,3.1620393,-0.06959963,-0.6970272,0.71918964,0.2926545
2.468673,2.4086125,3.3222384,3.1619697,-0.069603205,-0.6970401,0.71918964,0.29265308
2.4691195,2.409015,3.3227699,3.1624317,-0.067542315,-0.6954479,0.721205,0.29441047
2.469059,2.4089546,3.3227093,3.1623714,-0.06754494,-0.69545746,0.721205,0.29441047
2.4660718,2.407351,3.3159568,3.1578414,-0.16036415,-0.76749945,0.6326139,0.21612644
2.4659932,2.4072728,3.3158784,3.1577632,-0.1603694,-0.7675178,0.6326139,0.21612334
2.4670281,2.4077983,3.3183942,3.159536,-0.12473011,-0.74003816,0.6653857,0.24550581
2.4669406,2.4077115,3.3183067,3.159449,-0.12473631,-0.74005985,0.6653857,0.24550247
2.5304863,2.4706855,3.440704,3.4300168,0.035070658,-0.6067748,0.8198242,0.38254833
2.5303469,2.470545,3.4405646,3.4298782,0.0350585,-0.60681796,0.81982136,0.38254237
2.523991,2.4671097,3.4263904,3.4206421,-0.15107751,-0.75342655,0.6385267,0.22265959
2.5239089,2.467028,3.4263082,3.4205604,-0.15108323,-0.7534461,0.6385267,0.22265625
2.5310812,2.4710145,3.442015,3.43086,0.050796032,-0.5939455,0.83532095,0.39636207
2.5309408,2.4708729,3.4418747,3.4307208,0.05078411,-0.5939884,0.8353183,0.3963561
2.5241249,2.4672487,3.426492,3.4207537,-0.15185976,-0.7540333,0.6378021,0.22201014
2.5240443,2.4671686,3.4264114,3.4206736,-0.151865,-0.75405216,0.6378021,0.2220068
2.456903,2.3883731,3.1603281,3.1786423,1.2778665,0.47586083,1.9668672,1.4853635
2.4569685,2.3884292,3.1603935,3.1786983,1.2778709,0.4758768,1.9668684,1.4853659
2.4568264,2.3882937,3.1602514,3.178563,1.277862,0.4758408,1.9668659,1.4853603
2.456979,2.3884447,3.160404,3.178714,1.2778715,0.47588158,1.9668685,1.4853666
2.4569845,2.3884451,3.1604095,3.1787145,1.277872,0.47588158,1.9668686,1.4853666
2.4562955,2.3877845,3.1597204,3.1780534,1.2778461,0.4757812,1.9668609,1.4853494
2.343786,2.313876,2.944289,2.9369314,-0.18152189,-0.7807307,0.6098969,0.19831467
2.3437116,2.3138018,2.9442143,2.9368572,-0.1815269,-0.78074765,0.6098969,0.19831157
2.115986,2.106388,2.3026118,2.297027,0.22213602,-0.4282601,0.9745848,0.4875543
2.1155612,2.1059854,2.3021865,2.2966237,0.22185516,-0.42924333,0.974524,0.48741317
2.1158519,2.1062598,2.3024771,2.2968988,0.22203112,-0.42862773,0.97456217,0.48750138
2.1159697,2.1063724,2.3025954,2.2970116,0.22212219,-0.42830777,0.97458196,0.4875474
2.1149309,2.1053863,2.3015556,2.296024,0.2217021,-0.42978525,0.9744904,0.48733544
2.2774193,2.2370467,2.6854436,2.7020664,1.223649,0.41958404,1.9118896,1.4288682
2.277305,2.2369368,2.6853292,2.7019563,1.2236391,0.41954184,1.9118868,1.4288621
2.2769668,2.236614,2.684991,2.7016332,1.2236181,0.41945505,1.911881,1.4288489
2.2772875,2.2369204,2.6853118,2.7019398,1.2236377,0.4195361,1.9118865,1.4288613
2.2774708,2.2370965,2.685495,2.7021165,1.2236539,0.41960526,1.9118909,1.4288713
2.2765946,2.2362595,2.6846187,2.7012787,1.223609,0.41942263,1.911878,1.4288428
2.2443507,2.214594,2.6295977,2.5882812,0.76023865,0.28036904,1.4725333,1.2416589
2.2453651,2.2155612,2.6306136,2.5892522,0.7606659,0.28135777,1.472634,1.2418029
2.2452376,2.2154393,2.630486,2.5891294,0.7605963,0.2811954,1.4726176,1.2417794
2.2448425,2.2150638,2.6300902,2.5887525,0.76040983,0.28076506,1.4725738,1.241717
2.245241,2.2154422,2.6304893,2.5891325,0.76059794,0.28119946,1.4726181,1.24178
2.2432964,2.2135837,2.628543,2.5872698,0.760092,0.28003073,1.4724984,1.241609
2.399242,2.3312285,3.0496867,2.922137,1.2089144,0.38655758,1.9753848,1.4284233
2.3987837,2.33079,3.049228,2.921698,1.2088825,0.38641143,1.975378,1.4284048
2.3990967,2.331089,3.0495412,2.921997,1.2089018,0.38649964,1.9753822,1.4284159
2.3990226,2.3310177,3.0494673,2.9219258,1.2088963,0.38647437,1.975381,1.4284128
2.39886,2.3308632,3.0493047,2.9217713,1.2088863,0.3864286,1.9753789,1.4284071
2.3983557,2.3303852,3.0488002,2.921293,1.2088728,0.38636804,1.975376,1.4283993
2.380336,2.321599,3.0089679,2.8969908,1.037768,0.21499968,1.8056948,1.2527549
2.3801897,2.3214612,3.0088215,2.8968527,1.0377625,0.21497536,1.8056931,1.2527505
2.3805401,2.3217914,3.009172,2.8971832,1.037781,0.21505785,1.8056976,1.2527624
2.3804579,2.321714,3.0090897,2.8971057,1.0377749,0.21503091,1.8056962,1.252759
2.3804812,2.321736,3.0091133,2.8971276,1.0377766,0.21503806,1.8056967,1.2527598
2.3800135,2.321296,3.0086453,2.8966875,1.0377603,0.2149651,1.8056931,1.2527505
2.4002852,2.331594,3.0523922,2.923661,1.2205364,0.39732313,1.9870169,1.440211
2.4004588,2.3317628,3.052566,2.92383,1.2205454,0.39736533,1.9870187,1.4402163
2.4003184,2.3316262,3.0524256,2.9236934,1.2205379,0.39733005,1.9870172,1.4402119
2.4002159,2.331529,3.0523229,2.923596,1.2205336,0.39731073,1.9870149,1.4402095
2.4002771,2.3315868,3.0523841,2.9236536,1.220536,0.3973217,1.9870168,1.4402108
2.3998678,2.3311987,3.0519748,2.9232655,1.2205273,0.39728236,1.9870149,1.4402059
2.4067805,2.3558044,3.0383449,3.0299146,1.1678865,0.3636272,1.8536443,1.3732601
2.4067497,2.3557746,3.0383139,3.0298846,1.1678853,0.36362195,1.8536443,1.3732593
2.4070857,2.3560917,3.0386498,3.030202,1.1679045,0.36370516,1.8536518,1.3732712
2.407106,2.3561108,3.0386703,3.030221,1.1679062,0.36371183,1.8536522,1.3732722
2.4071329,2.3561363,3.038697,3.0302463,1.1679083,0.36372137,1.8536527,1.3732735
2.4064715,2.355511,3.0380356,3.029621,1.1678795,0.36359644,1.8536443,1.3732555
2.3718452,2.3172703,2.990636,2.8856738,0.9501302,0.12801409,1.7188208,1.1625404
2.3717332,2.3171663,2.9905236,2.8855696,0.9501207,0.12797213,1.7188188,1.1625352
2.3718588,2.317283,2.9906495,2.8856864,0.9501314,0.12801981,1.7188212,1.1625413
2.3716233,2.3170638,2.9904137,2.885467,0.95011353,0.12794065,1.7188172,1.1625311
2.371819,2.317246,2.9906096,2.8856494,0.95012784,0.12800336,1.7188202,1.1625391
2.371314,2.3167758,2.9901047,2.8851788,0.9501052,0.12790322,1.7188154,1.1625264
2.2462096,2.1988726,2.6420045,2.5588782,1.0181695,0.197608,1.7880582,1.2346486
2.245888,2.1985672,2.6416826,2.5585725,1.0181508,0.19752336,1.7880536,1.234638
2.246189,2.1988528,2.6419837,2.5588584,1.0181679,0.19760013,1.7880578,1.2346476
2.2460542,2.1987252,2.6418488,2.5587308,1.0181586,0.19755793,1.7880559,1.2346423
2.2458978,2.1985765,2.6416924,2.5585818,1.0181512,0.19752502,1.7880536,1.2346381
2.2456744,2.1983676,2.641469,2.558373,1.0181473,0.19750786,1.7880536,1.2346358
2.4140358,2.3385155,3.0835578,3.0031123,1.1965715,0.39186692,1.8834416,1.4006464
2.4138708,2.3383586,3.0833929,3.0029552,1.1965555,0.39200187,1.8834373,1.4006367
2.4142375,2.338707,3.0837598,3.0033042,1.1965953,0.39186692,1.8834479,1.4006608
2.4142547,2.3387237,3.0837772,3.003321,1.1965976,0.39186692,1.8834485,1.4006623
2.4143417,2.338807,3.0838642,3.0034046,1.1966095,0.39186692,1.8834516,1.4006695
2.4131336,2.3376582,3.0826557,3.0022542,1.1965215,0.39186692,1.8834274,1.4006151
2.416571,2.3398798,3.0885642,3.0063922,1.2162644,0.40925097,1.9038199,1.4196639
2.4164517,2.3397644,3.088445,3.0062768,1.2162558,0.40921283,1.9038174,1.4196584
2.4163387,2.3396597,3.0883317,3.006172,1.216249,0.40918422,1.9038156,1.4196543
2.4166374,2.3399417,3.0886304,3.0064542,1.21627,0.40927458,1.9038213,1.4196671
2.4166162,2.3399212,3.088609,3.006434,1.2162681,0.4092667,1.9038209,1.419666
2.4158823,2.3392255,3.0878754,3.0057378,1.2162359,0.40912533,1.9038115,1.4196454
2.375801,2.300162,3.0291448,2.8572905,0.9645145,0.14068317,1.734058,1.1775146
2.3757925,2.3001542,3.0291362,2.8572824,0.964514,0.14068103,1.7340579,1.1775143
2.3759172,2.3002698,3.0292609,2.8573985,0.96452165,0.14071465,1.7340597,1.1775186
2.375929,2.3002808,3.0292728,2.8574095,0.9645226,0.14071846,1.7340598,1.1775191
2.375897,2.300251,3.0292406,2.8573794,0.9645202,0.14070845,1.7340592,1.1775178
2.3755026,2.2998834,3.0288463,2.8570118,0.96450686,0.14064908,1.7340564,1.1775103
2.3940105,2.3285115,3.0428326,2.976841,1.0113044,0.21416092,1.6917846,1.2213204
2.3942072,2.3286967,3.0430293,2.9770262,1.0113237,0.21424365,1.6917897,1.2213317
2.3940423,2.3285408,3.042864,2.9768703,1.011307,0.21417212,1.6917853,1.221322
2.394133,2.328626,3.0429552,2.976956,1.0113157,0.21420908,1.6917876,1.221327
2.3940978,2.3285933,3.04292,2.9769228,1.0113121,0.21419406,1.6917866,1.2213249
2.3935363,2.3280666,3.0423582,2.9763958,1.0112844,0.21407557,1.6917789,1.2213087
2.3732448,2.2989342,3.023465,2.8538306,0.9352038,0.11096096,1.7051075,1.1472582
2.3732219,2.298913,3.023442,2.8538094,0.93520284,0.11095643,1.7051075,1.1472576
2.373222,2.2989132,3.0234423,2.8538096,0.93520284,0.11095667,1.7051075,1.1472577
2.373242,2.2989318,3.023462,2.8538282,0.9352038,0.110960245,1.7051075,1.1472582
2.3732667,2.2989547,3.0234869,2.8538513,0.93520474,0.11096549,1.7051075,1.1472588
2.3730023,2.2987084,3.0232224,2.8536048,0.9351983,0.11093712,1.7051075,1.1472551
2.265456,2.2082975,2.6843834,2.5843065,1.2002054,0.37827134,1.9689606,1.4182725
2.2655263,2.2083623,2.684454,2.5843716,1.2002087,0.37828565,1.9689612,1.4182744
2.2654219,2.208265,2.6843495,2.5842738,1.2002041,0.37826514,1.9689603,1.4182718
2.2655458,2.2083807,2.6844735,2.5843897,1.2002097,0.37829018,1.9689615,1.4182749
2.265614,2.2084455,2.6845417,2.5844545,1.2002134,0.37830734,1.9689623,1.4182771
2.2650626,2.2079248,2.6839902,2.5839336,1.2001971,0.3782339,1.9689589,1.4182678
2.2635622,2.2109098,2.6847255,2.5857968,1.1283219,0.32767725,1.8955784,1.369081
2.2633061,2.2106605,2.6844692,2.5855472,1.12831,0.3276229,1.8955752,1.3690741
2.2634628,2.2108119,2.684626,2.5856986,1.1283162,0.3276515,1.8955772,1.3690778
2.263446,2.2107947,2.6846092,2.5856812,1.1283154,0.32764745,1.8955771,1.3690772
2.2632809,2.210636,2.6844442,2.5855227,1.1283091,0.3276198,1.8955752,1.3690736
2.263061,2.210423,2.6842244,2.5853095,1.1283063,0.3276062,1.8955752,1.369072
2.169567,2.1634924,3.0642707,2.963001,0.31842256,-0.261523,1.1306664,0.76772356
2.1695893,2.1635137,3.064293,2.9630222,0.31842637,-0.26151228,1.1306672,0.767725
2.1696606,2.163579,3.0643642,2.9630873,0.3184409,-0.26147294,1.1306701,0.76773
2.169327,2.163266,3.0640306,2.9627748,0.31840134,-0.26158237,1.1306621,0.76771593
0.5772363,0.6075453,1.9191929,2.080037,0.28661728,-0.24541378,1.0858465,1.0693215
0.5772246,0.60753536,1.9191811,2.080027,0.2866156,-0.24541688,1.0858462,1.0693212
0.5772079,0.60751873,1.9191644,2.0800107,0.2866137,-0.24542212,1.0858437,1.0693189
0.5770614,0.6073845,1.9190179,2.079876,0.28660417,-0.2454443,1.0858437,1.0693189
0.5740365,0.49463907,2.994026,2.980255,0.8352318,-0.3672905,1.9895372,1.3415413
0.5740056,0.49460974,2.9939952,2.9802256,0.83522964,-0.367311,1.9895372,1.3415407
0.57373905,0.49436313,2.9937284,2.9799788,0.8352189,-0.3673947,1.9895372,1.3415382
2.1865733,2.1732373,3.059666,2.9597375,0.27854967,-0.29602742,1.0922526,0.73606133
2.1865506,2.1732159,3.0596433,2.9597163,0.27854753,-0.29603362,1.0922526,0.7360606
2.1866677,2.173325,3.0597606,2.959825,0.27856302,-0.29599166,1.0922567,0.7360661
2.1864357,2.1731079,3.0595286,2.9596083,0.27854204,-0.29604912,1.0922526,0.73605895
0.56897086,0.5954424,1.8881286,2.0495915,0.24056315,-0.2809024,1.0453169,1.0433588
0.56897783,0.5954501,1.8881354,2.049599,0.24056387,-0.28090048,1.0453169,1.0433588
0.569002,0.5954695,1.8881596,2.0496185,0.24056649,-0.28089547,1.0453169,1.0433588
0.568865,0.5953455,1.8880227,2.0494943,0.24055767,-0.28091478,1.0453169,1.0433588
2.1479225,2.1514952,3.0616367,2.961206,0.29060268,-0.28333712,1.1065698,0.7489588
2.1479201,2.151493,3.061634,2.9612038,0.2906022,-0.28333807,1.1065698,0.7489588
2.1479824,2.1515505,3.0617034,2.9612613,0.29061127,-0.28331327,1.1065714,0.7489619
2.147751,2.1513333,3.0614653,2.9610443,0.290591,-0.28336954,1.1065674,0.748955
0.57634056,0.6018472,1.93697,2.0990195,0.26922297,-0.25886798,1.0703268,1.0594014
0.5763492,0.601857,1.9369786,2.0990295,0.26922417,-0.2588644,1.070327,1.0594016
0.5763268,0.60183334,1.9369562,2.099006,0.2692213,-0.25887227,1.0703264,1.0593991
0.57617676,0.6016966,1.9368061,2.0988686,0.2692113,-0.25889516,1.0703243,1.0593991
2.2908456,2.2241957,2.7446504,2.6220098,1.3554426,0.5485134,2.1208508,1.5943751
2.2911274,2.224473,2.7449324,2.6222875,1.3554635,0.5486119,2.1208553,1.5943874
2.2909667,2.2243147,2.7447717,2.6221292,1.3554509,0.54855204,2.1208525,1.59438
2.2903554,2.223711,2.7441604,2.6215246,1.3554214,0.5484135,2.1208453,1.5943626
2.2903783,2.2237327,2.7441833,2.6215463,1.355422,0.54841614,2.1208453,1.594363
2.2900472,2.2234135,2.743852,2.621227,1.3554177,0.5483968,2.1208453,1.5943605
2.4823759,2.3857167,3.26822,3.1341758,1.3662298,0.5762389,2.0575848,1.585351
2.4828806,2.3862114,3.268725,3.1346714,1.36627,0.5764103,2.0575957,1.585377
2.4830577,2.386385,3.2689023,3.1348453,1.3662888,0.5764928,2.0576007,1.5853889
2.4830866,2.386413,3.2689312,3.1348739,1.3662921,0.57650733,2.0576017,1.5853909
2.4832995,2.3866222,3.269144,3.135083,1.3663187,0.57662463,2.0576086,1.5854076
2.4816866,2.3850386,3.2675307,3.1334975,1.3662071,0.57615376,2.0575778,1.585335
2.1392267,2.1461353,3.6623907,3.530579,0.25022006,-0.31063628,1.075515,0.7201834
2.1392424,2.1461504,3.6624064,3.530594,0.2502222,-0.31063008,1.0755154,0.7201841
2.1392593,2.1461647,3.6624234,3.5306084,0.25022507,-0.31062365,1.075516,0.7201848
2.139051,2.14597,3.662215,3.530414,0.2502072,-0.31067085,1.0755125,0.7201791
0.57168376,0.60340756,1.9273597,2.0876725,0.23306656,-0.28603053,1.0387825,1.039638
0.5716977,0.60342175,1.9273736,2.0876868,0.23306775,-0.2860272,1.0387825,1.039638
0.57173437,0.6034531,1.9274102,2.0877182,0.23307204,-0.2860179,1.0387847,1.039638
0.57158047,0.6033134,1.9272565,2.087578,0.23306084,-0.2860422,1.0387825,1.039638
2.164872,2.1595135,3.6637354,3.5314763,0.2660334,-0.29913592,1.0886374,0.7296779
2.16488,2.1595213,3.6637435,3.5314844,0.2660346,-0.2991321,1.0886376,0.7296784
2.164874,2.1595137,3.6637375,3.5314767,0.26603365,-0.29913568,1.0886374,0.7296779
2.1646662,2.1593194,3.6635296,3.5312827,0.26601624,-0.29918218,1.0886341,0.7296722
0.57998705,0.60602707,1.9142075,2.0753253,0.25012684,-0.27367115,1.0536516,1.0486681
0.5799898,0.60603076,1.9142102,2.075329,0.25012708,-0.2736702,1.0536516,1.0486681
0.5800185,0.60605466,1.914239,2.0753531,0.25012994,-0.273664,1.0536516,1.0486681
0.57988447,0.60593307,1.9141049,2.075231,0.2501216,-0.2736826,1.0536516,1.0486681
2.1410632,2.1470358,3.6566806,3.526469,0.19661593,-0.35194778,1.0275682,0.68144417
2.141071,2.1470437,3.6566887,3.5264769,0.19661713,-0.35194445,1.0275683,0.68144464
2.1410832,2.1470535,3.6567008,3.5264864,0.19661903,-0.3519404,1.0275688,0.68144536
2.1409006,2.1468837,3.656518,3.5263166,0.19660401,-0.35197902,1.0275662,0.68144083
0.57503086,0.59992725,1.9050975,2.0688567,0.3280244,-0.21253276,1.1231912,1.0937598
0.5750456,0.59994245,1.9051121,2.0688717,0.32802677,-0.21252632,1.1231917,1.0937604
0.5750029,0.59989977,1.9050695,2.068829,0.32802033,-0.21254373,1.1231903,1.093759
0.57480353,0.5997171,1.9048702,2.0686462,0.3280046,-0.21258116,1.1231868,1.0937555
2.1630075,2.159576,3.6649299,3.5322654,0.27938557,-0.28891373,1.1004235,0.73912096
2.163001,2.15957,3.6649234,3.5322595,0.2793846,-0.2889161,1.1004232,0.7391207
2.163003,2.1595697,3.664925,3.5322592,0.27938485,-0.28891635,1.1004233,0.7391207
2.1628003,2.15938,3.6647224,3.53207,0.27936864,-0.28895998,1.1004201,0.73911524
0.5844544,0.6123816,1.932727,2.093152,0.32808614,-0.21269369,1.1228018,1.0937238
0.58444613,0.61237484,1.9327188,2.0931451,0.32808518,-0.21269608,1.1228015,1.0937237
0.5844684,0.6123938,1.9327409,2.0931642,0.32808828,-0.21268916,1.1228023,1.0937244
0.584257,0.61219966,1.9325296,2.0929697,0.32807112,-0.21273088,1.1227984,1.0937206
2.1845756,2.1718404,3.690346,3.5501366,0.49548364,-0.12436557,1.2982676,0.90703297
2.1845844,2.1718493,3.6903548,3.5501451,0.49548507,-0.12436104,1.2982678,0.90703344
2.1845632,2.171827,3.6903338,3.550123,0.4954815,-0.12437248,1.2982671,0.907032
2.1842425,2.1715226,3.690013,3.5498064,0.4954548,-0.12445235,1.2982608,0.90701985
0.58073556,0.60543895,1.9409682,2.1026216,0.33220577,-0.21020341,1.1261423,1.0958625
0.5807389,0.60544366,1.9409715,2.102626,0.33220625,-0.21020174,1.1261423,1.0958626
0.5807485,0.60545015,1.940981,2.1026328,0.33220744,-0.2101996,1.1261426,1.0958627
0.5805631,0.60527974,1.9407955,2.102462,0.33219385,-0.21023226,1.1261395,1.0958598
2.43879,2.3454416,3.2066164,2.9837415,1.1564368,0.36886,1.9256473,1.4083705
2.4385953,2.345253,3.2064216,2.983553,1.1564217,0.3687923,1.925644,1.4083619
2.4385252,2.3451834,3.2063513,2.9834833,1.1564173,0.3687725,1.9256431,1.4083594
2.4388165,2.345467,3.2066429,2.9837673,1.1564393,0.36887074,1.9256477,1.4083718
2.438781,2.3454323,3.2066073,2.9837327,1.1564361,0.36885643,1.925647,1.40837
2.4380305,2.3446999,3.2058566,2.9829996,1.1564031,0.36870813,1.92564,1.4083512
2.1412814,2.1476226,3.5889919,3.3643048,0.3070326,-0.2688787,1.1226996,0.7619901
2.1412914,2.1476324,3.589002,3.3643146,0.3070345,-0.2688732,1.1226999,0.7619908
2.141272,2.147612,3.5889826,3.3642943,0.30703068,-0.26888442,1.1226991,0.7619891
2.1410084,2.1473653,3.5887187,3.3640475,0.30700517,-0.26895475,1.122694,0.7619803
0.5807614,0.61058885,1.9261073,2.0866187,0.26784992,-0.25928402,1.0690874,1.0587205
0.5807429,0.610573,1.9260889,2.086603,0.26784706,-0.2592907,1.0690868,1.05872
0.5808094,0.61063194,1.9261556,2.086662,0.26785874,-0.25926375,1.0690892,1.0587221
0.5805484,0.6103939,1.9258944,2.0864236,0.26783085,-0.25932837,1.0690833,1.0587169
2.1672611,2.1626966,3.5797203,3.3577375,0.22145343,-0.33835602,1.043439,0.6955466
2.1672585,2.162694,3.5797174,3.3577352,0.22145295,-0.33835697,1.043439,0.6955466
2.167292,2.162724,3.5797513,3.357765,0.22145844,-0.33834362,1.0434401,0.6955483
2.1670902,2.1625338,3.5795493,3.357577,0.22144055,-0.3383901,1.0434366,0.6955428
0.58546865,0.61062866,1.9274076,2.089935,0.2866125,-0.24526477,1.0856395,1.0692877
0.58548015,0.6106414,1.9274192,2.0899477,0.28661418,-0.24526,1.0856397,1.0692881
0.585464,0.6106236,1.9274032,2.0899296,0.2866118,-0.24526668,1.0856392,1.0692875
0.5852798,0.61045533,1.9272189,2.0897613,0.2865975,-0.24529982,1.0856363,1.0692847
2.1876888,2.1745791,3.5884552,3.363838,0.30946064,-0.27038574,1.1210078,0.7591369
2.1876702,2.174562,3.5884368,3.3638208,0.30945802,-0.27039266,1.1210072,0.75913596
2.1878004,2.174684,3.588567,3.3639429,0.30948043,-0.27033067,1.1210119,0.75914407
2.1874914,2.1743927,3.5882578,3.363652,0.30944586,-0.27042723,1.1210048,0.75913167
0.57531697,0.6048841,1.9128479,2.0741572,0.28130817,-0.2494247,1.0812324,1.0662436
0.57532465,0.60489243,1.9128555,2.0741658,0.28130913,-0.2494216,1.0812328,1.066244
0.57530624,0.6048726,1.912837,2.0741458,0.28130674,-0.24942875,1.0812322,1.0662434
0.5751383,0.60471946,1.9126692,2.0739923,0.28129458,-0.24945664,1.0812297,1.066241
2.214153,2.1914673,3.5916996,3.3661656,0.3411672,-0.24826169,1.1465157,0.7811897
2.2141562,2.19147,3.5917027,3.3661685,0.3411677,-0.24826026,1.1465157,0.7811899
2.2141216,2.1914349,3.5916681,3.3661335,0.34116292,-0.2482748,1.1465148,0.781188
2.2139342,2.191259,3.5914807,3.3659577,0.34115028,-0.24831104,1.1465122,0.7811835
0.5821011,0.6085781,1.9249845,2.0855312,0.37773848,-0.17303228,1.1677456,1.1241546
0.5821001,0.608579,1.9249835,2.085532,0.37773848,-0.17303205,1.1677456,1.1241547
0.5820853,0.60856175,1.9249687,2.0855148,0.37773657,-0.173038,1.1677451,1.1241541
0.58189654,0.6083878,1.9247799,2.085341,0.37772346,-0.17307115,1.167742,1.1241508
2.1625164,2.1604328,3.6269312,3.3911796,0.60482836,-0.049983025,1.3967115,0.9965837
2.1624968,2.1604145,3.6269114,3.3911612,0.60482407,-0.04999709,1.3967104,0.9965818
2.162586,2.1604967,3.6270006,3.391244,0.60484457,-0.04992962,1.3967149,0.9965904
2.1619399,2.159883,3.6263542,3.3906298,0.6047616,-0.050200224,1.3966956,0.996552
0.57874656,0.60433114,1.913838,2.0747426,0.32528472,-0.21474457,1.1207587,1.0922381
0.57876045,0.60434616,1.9138519,2.0747573,0.32528663,-0.21473885,1.1207591,1.0922385
0.5787031,0.60429025,1.9137945,2.0747015,0.325279,-0.2147584,1.1207575,1.0922345
0.57854545,0.60414565,1.9136368,2.0745566,0.32526875,-0.21478295,1.1207551,1.0922345
2.281581,2.2201972,2.7243736,2.611284,1.2847596,0.48958063,2.050516,1.5335281
2.281617,2.2202325,2.7244093,2.6113195,1.284763,0.48959613,2.0505166,1.53353
2.2817764,2.2203894,2.724569,2.6114767,1.2847793,0.4896717,2.05052,1.5335393
2.2810593,2.2196858,2.7238514,2.610772,1.2847245,0.48941898,2.0505083,1.5335077
2.2812996,2.2199214,2.7240922,2.611008,1.2847375,0.4894793,2.0505111,1.5335152
2.2805748,2.2192109,2.7233672,2.6102967,1.2847139,0.48937082,2.050506,1.5335016
2.2051477,2.1863456,3.132421,3.011796,0.39949846,-0.1972506,1.2049946,0.82727504
2.2051554,2.1863534,3.132429,3.0118039,0.39949942,-0.1972475,1.2049948,0.8272755
2.2051668,2.1863625,3.1324403,3.011813,0.3995011,-0.19724369,1.204995,0.827276
2.2049289,2.1861374,3.1322024,3.0115883,0.39948297,-0.1972971,1.2049911,0.82726884
0.58356935,0.61078495,1.949093,2.10916,0.4566455,-0.106689215,1.2412523,1.1765983
0.5835847,0.6108008,1.9491082,2.109176,0.4566474,-0.10668373,1.2412528,1.1765989
0.58359367,0.6108069,1.9491172,2.109182,0.4566486,-0.10668135,1.241253,1.176599
0.583352,0.6105815,1.9488755,2.108957,0.4566307,-0.10673022,1.2412484,1.1765947
2.1849017,2.172197,3.1202557,3.0031104,0.29320168,-0.28186965,1.1104585,0.7471051
2.1849117,2.1722069,3.1202657,3.00312,0.29320264,-0.28186703,1.1104585,0.7471056
2.184973,2.1722624,3.120327,3.0031755,0.2932098,-0.2818482,1.1104611,0.747108
2.1847858,2.1720877,3.1201398,3.003001,0.29319596,-0.28188515,1.1104585,0.74710345
0.5713999,0.60075194,1.9093024,2.0703695,0.3647027,-0.18314481,1.1565096,1.1163489
0.5714061,0.60075945,1.9093086,2.0703769,0.36470366,-0.18314219,1.1565098,1.1163492
0.5713737,0.60072577,1.9092761,2.0703433,0.36469936,-0.1831541,1.1565088,1.1163481
0.5711908,0.60055745,1.9090931,2.0701752,0.3646865,-0.18318558,1.156506,1.1163449
2.1460166,2.1500816,3.1197512,3.0029712,0.27774143,-0.2908318,1.0996604,0.7397342
2.146027,2.150092,3.1197617,3.0029812,0.27774334,-0.2908268,1.0996608,0.7397349
2.145978,2.150043,3.1197126,3.0029325,0.27773547,-0.29084873,1.0996593,0.739732
2.1457944,2.1498713,3.1195292,3.0027611,0.27772236,-0.2908852,1.0996567,0.73972774
0.5645392,0.5965308,1.8934155,2.054764,0.21678233,-0.2983265,1.0244869,1.0305581
0.5645446,0.59653705,1.8934208,2.0547702,0.21678329,-0.29832435,1.0244871,1.0305582
0.56453073,0.5965217,1.893407,2.054755,0.21678138,-0.2983296,1.0244867,1.0305562
0.56438154,0.5963864,1.8932579,2.0546193,0.21677065,-0.29835272,1.0244846,1.0305562
2.2132628,2.188868,3.1153328,2.9997916,0.24613285,-0.32246995,1.0635811,0.70994353
2.2132642,2.1888697,3.1153345,2.9997933,0.24613309,-0.32246947,1.0635812,0.70994353
2.2132902,2.1888924,3.1153603,2.999816,0.2461369,-0.3224597,1.0635818,0.7099447
2.2130923,2.188708,3.1151621,2.9996314,0.24612045,-0.3225031,1.0635788,0.7099397
0.5702279,0.5967993,1.8932911,2.0549867,0.22467351,-0.29236603,1.0313662,1.0347817
0.57021683,0.59678984,1.89328,2.0549772,0.22467184,-0.2923696,1.031366,1.0347813
0.57023615,0.59680575,1.8932993,2.0549932,0.2246747,-0.29236364,1.0313666,1.0347819
0.5700537,0.59664,1.8931168,2.054827,0.22465944,-0.2923975,1.0313635,1.0347793
2.2096438,2.1886275,3.114439,2.9991498,0.238621,-0.32863522,1.0561363,0.7041211
2.2096586,2.1886418,3.114454,2.9991639,0.23862314,-0.32862878,1.0561368,0.7041218
2.209692,2.1886718,3.1144931,2.999194,0.2386291,-0.32861304,1.0561379,0.70412374
2.2094545,2.18845,3.1142497,2.998972,0.23860574,-0.32867622,1.0561335,0.7041161
0.584384,0.6091958,1.9724567,2.1328468,0.3123443,-0.22600007,1.1084152,1.0844685
0.58437335,0.6091868,1.9724461,2.1328378,0.31234288,-0.22600365,1.1084149,1.0844681
0.5844133,0.6092222,1.972486,2.1328733,0.31234932,-0.22598863,1.1084163,1.0844694
0.58416975,0.60899854,1.9722425,2.1326492,0.3123262,-0.2260437,1.1084112,1.0844647
2.3019798,2.2507384,2.7385159,2.7352083,1.3488953,0.5602093,2.03994,1.5702478
2.3023906,2.251143,2.7389266,2.735613,1.3489195,0.5603099,2.039947,1.5702637
2.3030343,2.2517765,2.7395709,2.736248,1.3489853,0.5605979,2.0399647,1.5703056
2.3029923,2.2517352,2.739529,2.736207,1.34898,0.5605743,2.0399632,1.5703022
2.3023672,2.25112,2.7389035,2.7355905,1.3489177,0.56030226,2.0399466,1.5702628
2.3015282,2.2502944,2.7380643,2.7347643,1.3488845,0.56017184,2.0399365,1.5702398
2.1801407,2.170709,3.1530714,3.1458085,0.4540639,-0.14690733,1.2585078,0.87275434
2.180133,2.1707017,3.1530638,3.1458013,0.45406246,-0.14691138,1.2585076,0.87275386
2.1801891,2.1707525,3.1531196,3.145852,0.4540732,-0.14688182,1.2585099,0.8727579
2.1797974,2.170382,3.1527278,3.1454813,0.454031,-0.14700651,1.2585007,0.8727405
0.5875018,0.6106852,1.9760157,2.1360402,0.40091753,-0.15617633,1.1875046,1.1381296
0.5874682,0.6106551,1.9759818,2.1360104,0.40091252,-0.15618825,1.1875036,1.1381284
0.58745134,0.61063665,1.975965,2.1359916,0.40091038,-0.15619469,1.1875031,1.1381277
0.58725,0.6104506,1.9757636,2.135806,0.40089607,-0.1562314,1.1874996,1.1381239
2.1456873,2.1503215,3.1279497,3.128185,0.22749901,-0.3287151,1.0541221,0.70283675
2.1456995,2.150333,3.1279619,3.1281965,0.22750092,-0.32871032,1.0541226,0.7028372
2.1457787,2.1504056,3.128041,3.1282692,0.22751498,-0.3286736,1.0541253,0.702842
2.1455226,2.150167,3.1277847,3.1280303,0.22748733,-0.32874656,1.05412,0.7028332
0.5735666,0.6034471,1.9281152,2.0876768,0.32668948,-0.2139175,1.121751,1.093125
0.5735667,0.60344833,1.9281152,2.087678,0.32668948,-0.21391726,1.121751,1.093125
0.5736008,0.6034773,1.9281495,2.087707,0.32669306,-0.21390963,1.121751,1.093125
0.57344913,0.60333866,1.9279978,2.087568,0.32668328,-0.21393251,1.121751,1.093125
2.1427536,2.1479175,3.1239989,3.1254025,0.18704367,-0.35992408,1.01836,0.6744807
2.1427448,2.147909,3.12399,3.1253943,0.18704271,-0.3599267,1.01836,0.67448044
2.1427317,2.1478949,3.123977,3.12538,0.18704128,-0.35993075,1.01836,0.67447996
2.1426198,2.1477916,3.1238654,3.1252766,0.18703556,-0.35994577,1.01836,0.6744783
0.5709215,0.5976531,1.9755378,2.135738,0.22498846,-0.29375315,1.0316945,1.0355229
0.5709495,0.5976808,1.9755658,2.1357656,0.22499156,-0.29374576,1.0316945,1.0355229
0.5709576,0.5976849,1.9755808,2.1357698,0.22499251,-0.29374456,1.0316964,1.0355229
0.5708161,0.597557,1.9754323,2.1356416,0.22498274,-0.2937653,1.0316945,1.0355229
2.151148,2.1531441,3.1295538,3.1291566,0.24886131,-0.3124051,1.0730348,0.7178838
2.1511555,2.1531518,3.1295614,3.1291642,0.2488625,-0.31240177,1.073035,0.7178843
2.1511843,2.1531775,3.1295903,3.12919,0.24886751,-0.3123889,1.073036,0.717886
2.1509523,2.1529603,3.1293583,3.128973,0.24884534,-0.3124478,1.0730318,0.7178788
0.58495545,0.60887676,1.9263185,2.0890555,0.3633802,-0.1845386,1.1543517,1.114986
0.58497095,0.60889286,1.926334,2.0890718,0.36338282,-0.18453121,1.1543523,1.1149865
0.58492714,0.6088494,1.92629,2.0890281,0.36337566,-0.18455005,1.1543506,1.1149849
0.58469975,0.60863894,1.9260627,2.088818,0.36335707,-0.18459678,1.1543465,1.1149805
2.1857202,2.1741135,3.1274588,3.127555,0.23728156,-0.32505488,1.0585452,0.7053013
2.1857173,2.1741114,3.1274564,3.1275527,0.23728108,-0.32505584,1.0585452,0.7053013
2.1857572,2.1741478,3.127496,3.1275892,0.23728704,-0.32503963,1.0585463,0.7053032
2.1855488,2.1739528,3.1272874,3.127394,0.23726892,-0.3250885,1.058543,0.70529747
0.58210164,0.6095203,1.9243312,2.0850403,0.32376957,-0.21591377,1.1190366,1.091183
0.5820627,0.60948604,1.9242923,2.085006,0.32376432,-0.21592617,1.1190355,1.0911819
0.5821419,0.6095572,1.9243716,2.0850773,0.32377625,-0.2158978,1.119038,1.0911843
0.58189,0.6093258,1.9241196,2.0848458,0.32375216,-0.21595573,1.1190327,1.0911791
2.2739482,2.2165053,2.7075021,2.6010048,1.2207167,0.4262762,1.9870785,1.4697512
2.2737012,2.2162619,2.707255,2.600761,1.2206992,0.42619538,1.9870747,1.4697412
2.273432,2.2159963,2.7069857,2.6004953,1.2206874,0.4261408,1.9870714,1.4697343
2.2734783,2.2160428,2.707032,2.6005416,1.2206888,0.42614794,1.9870714,1.4697351
2.2733994,2.215964,2.706953,2.6004632,1.2206864,0.4261365,1.9870714,1.4697338
2.2731395,2.2157104,2.7066932,2.6002092,1.2206829,0.42612076,1.9870714,1.4697318
2.2248604,2.198162,3.10634,2.9939027,0.39695573,-0.20221114,1.1988196,0.82403445
2.224857,2.198159,3.1063364,2.9938996,0.396955,-0.20221281,1.1988195,0.8240342
2.224829,2.1981306,3.1063085,2.9938712,0.39695096,-0.20222545,1.1988186,0.82403255
2.2245972,2.197913,3.1060765,2.993654,0.39693356,-0.20227623,1.1988149,0.82402587
0.57878023,0.6086088,1.9397562,2.0997012,0.32111764,-0.21814203,1.1163913,1.0895692
0.5787827,0.6086126,1.9397587,2.0997052,0.32111788,-0.21814036,1.1163914,1.0895694
0.57878566,0.6086129,1.9397618,2.0997055,0.32111835,-0.21814036,1.1163915,1.0895694
0.57857704,0.6084218,1.939553,2.099514,0.3211012,-0.21818113,1.1163877,1.0895658
2.231878,2.2025452,3.0953617,2.9861422,0.3039887,-0.28054118,1.1108824,0.75110674
2.2318704,2.2025375,3.0953538,2.9861345,0.3039875,-0.2805438,1.1108822,0.75110626
2.231901,2.202565,3.0953846,2.9861617,0.30399156,-0.2805333,1.110883,0.7511077
2.2317095,2.2023852,3.0951931,2.9859824,0.30397773,-0.2805724,1.1108801,0.7511029
0.5803035,0.6056204,1.9158025,2.0761213,0.2707572,-0.257761,1.071692,1.0603248
0.58029467,0.6056131,1.9157935,2.076114,0.27075624,-0.25776267,1.071692,1.0603248
0.58034176,0.60565436,1.9158406,2.0761554,0.27076125,-0.25775146,1.0716941,1.0603248
0.58018893,0.6055152,1.9156879,2.076016,0.270751,-0.25777507,1.071692,1.0603248
2.176221,2.167975,3.1148155,2.999903,0.45854998,-0.14546895,1.2619755,0.87685347
2.1762273,2.1679814,3.114822,2.9999094,0.45855093,-0.14546609,1.2619758,0.8768537
2.1762524,2.168003,3.114847,2.999931,0.4585545,-0.14545608,1.2619766,0.87685513
2.1759562,2.167723,3.1145506,2.9996507,0.4585302,-0.14553022,1.2619709,0.87684464
0.5849281,0.6125121,1.9344302,2.0949912,0.41886163,-0.13980675,1.2054008,1.150369
0.5849289,0.6125145,1.9344308,2.0949936,0.41886163,-0.13980627,1.2054008,1.150369
0.5850023,0.6125802,1.9345186,2.095059,0.41886902,-0.13978815,1.205404,1.1503727
0.58480763,0.61240005,1.9343096,2.094879,0.41885567,-0.13982224,1.2054008,1.150369
2.1890757,2.175775,3.1014955,2.9905655,0.34864354,-0.23779416,1.1584212,0.788903
2.1890833,2.1757824,3.1015031,2.9905732,0.3486452,-0.23778939,1.1584214,0.7889035
2.1890144,2.1757145,3.101434,2.9905052,0.34863234,-0.2378273,1.1584188,0.7888987
2.1887624,2.1754777,3.101182,2.990269,0.3486104,-0.23788929,1.1584142,0.7888906
0.5818465,0.610949,1.9287088,2.0893083,0.3575244,-0.18865824,1.149575,1.1117862
0.58185875,0.6109618,1.9287211,2.0893211,0.35752654,-0.18865275,1.1495754,1.1117868
0.5818736,0.6109736,1.9287359,2.089333,0.35752916,-0.18864703,1.1495761,1.1117872
0.58159983,0.6107206,1.9284621,2.0890803,0.35750246,-0.18871284,1.14957,1.1117811
2.1754508,2.168167,3.1090133,2.9959614,0.40779543,-0.18718958,1.2146894,0.83650136
2.1754398,2.1681566,3.1090026,2.995951,0.40779305,-0.18719602,1.2146889,0.8365004
2.175318,2.168038,3.1088805,2.9958324,0.4077723,-0.187258,1.2146845,0.83649206
2.1750834,2.1678157,3.108646,2.9956107,0.40775466,-0.18730974,1.2146807,0.8364849
0.5924091,0.6148149,1.9519913,2.1137602,0.42637038,-0.13374782,1.2116659,1.1549387
0.5923967,0.61480415,1.9519643,2.1137497,0.42636895,-0.13375092,1.2116629,1.1549354
0.59244436,0.6148475,1.9520266,2.1137924,0.42637444,-0.13373733,1.2116667,1.1549399
0.59223056,0.61464846,1.9517981,2.113594,0.42635918,-0.13377762,1.2116629,1.1549354
2.1866317,2.174431,3.1737487,3.0376396,0.48047924,-0.13346028,1.2850709,0.8940749
2.186643,2.1744425,3.1737602,3.0376506,0.48048043,-0.13345599,1.2850711,0.89407563
2.18666,2.1744561,3.173777,3.0376642,0.48048258,-0.13345075,1.2850717,0.89407635
2.186406,2.1742156,3.1735232,3.0374238,0.48046494,-0.13350391,1.2850674,0.89406824
0.5877559,0.6142276,1.9405092,2.100967,0.46036148,-0.10390401,1.2448661,1.1791216
0.58776677,0.6142397,1.9405198,2.1009793,0.46036267,-0.103899956,1.2448665,1.1791219
0.5877439,0.61421454,1.9404969,2.100954,0.4603603,-0.10390782,1.2448659,1.1791213
0.58756196,0.6140459,1.9403151,2.1007857,0.46034956,-0.103937864,1.2448629,1.1791185
2.1450112,2.149618,3.1542442,3.0238788,0.31638527,-0.25943232,1.1368245,0.7686107
2.145021,2.1496274,3.1542537,3.0238883,0.31638646,-0.25942898,1.1368265,0.76861095
2.1450505,2.149654,3.1542835,3.0239146,0.31639004,-0.25941944,1.1368273,0.7686124
2.1448598,2.1494744,3.1540926,3.0237355,0.3163767,-0.25945735,1.1368245,0.7686076
0.5792547,0.60428256,1.9112586,2.0722663,0.30593705,-0.23059106,1.1028461,1.0803627
0.5792542,0.6042837,1.9112581,2.0722675,0.30593705,-0.23059082,1.1028461,1.0803627
0.5792682,0.60429424,1.911272,2.0722783,0.30593872,-0.23058724,1.1028466,1.080363
0.57909226,0.604133,1.911096,2.0721169,0.30592585,-0.23061752,1.1028436,1.0803603
2.1714582,2.1644602,3.1696625,3.0347204,0.44891977,-0.15179873,1.2565848,0.86958504
2.171465,2.1644669,3.1696692,3.0347366,0.44892073,-0.1517961,1.2565849,0.8695855
2.171408,2.1644092,3.1696122,3.0346692,0.4489143,-0.15181613,1.2565814,0.86958265
2.1712358,2.164247,3.1694398,3.0345073,0.44890523,-0.15184474,1.2565814,0.8695786
0.60014886,0.6223618,1.9647988,2.124092,0.57602,-0.039973497,1.3513156,1.2592131
0.60018075,0.6223935,1.9648308,2.1241238,0.57602453,-0.03995967,1.3513168,1.2592144
0.60031396,0.62251794,1.964964,2.1242485,0.5760467,-0.039892197,1.3513222,1.2592202
0.59984154,0.62207305,1.9644915,2.123803,0.5759976,-0.040033102,1.3513093,1.2592059
0.0,5.0,0.0,5.0,-0.65836763,-1.7961745,0.095449924,-0.698534
0.015689153,5.004764,0.031496923,5.0141177,-0.6548672,-1.7672281,0.09626746,-0.69512653
0.13802484,5.1206493,0.32733116,5.307135,0.46991396,0.042733908,1.1542363,0.80124927
0.13778713,5.120434,0.3270925,5.3069177,0.4696083,0.04213333,1.1541594,0.8011167
0.13899049,5.121533,0.3283016,5.3080263,0.47146344,0.045791864,1.1546246,0.80192685
0.13870287,5.1212735,0.32801238,5.307764,0.47095084,0.044796944,1.1544961,0.80170584
0.13843861,5.121019,0.32774675,5.307507,0.47051787,0.043897152,1.1543876,0.8015063
0.13859883,5.121163,0.3279078,5.3076525,0.47077584,0.044395924,1.1544523,0.8016169
0.13954566,5.122043,0.32886037,5.3085423,0.4725716,0.047971964,1.1549039,0.80241466
0.14003164,5.122485,0.32934996,5.3089905,0.47366595,0.050093174,1.1551819,0.8028927
0.13533528,5.1182117,0.32463625,5.304689,0.46815324,0.03930521,1.153778,0.8004737
0.23690142,5.2288213,0.5886256,5.5828695,-0.49247122,-0.6631355,0.2645898,0.094438076
0.23686123,5.2287827,0.58858544,5.5828314,-0.49248075,-0.6631477,0.26458788,0.09443569
0.23679794,5.2287226,0.588522,5.5827713,-0.4924941,-0.66316414,0.26458502,0.094432116
0.23685515,5.2287774,0.5885793,5.582826,-0.4924822,-0.6631491,0.26458764,0.094435215
0.2369276,5.228847,0.58865184,5.5828958,-0.49246407,-0.66312647,0.26459146,0.09443998
0.2369127,5.2288322,0.5886369,5.582881,-0.49246812,-0.6631317,0.2645905,0.09443903
0.23650366,5.228444,0.58822757,5.5824924,-0.49252248,-0.6631992,0.26457858,0.094424486
0.24015704,5.231394,0.5957951,5.588503,-0.38393354,-0.5867312,0.36223197,0.17007971
0.24008504,5.231324,0.59572303,5.5884337,-0.3840387,-0.58687234,0.36220956,0.17007971
0.24016167,5.231398,0.59579974,5.588507,-0.3839264,-0.5867219,0.36223364,0.17007971
0.24012554,5.231363,0.59576356,5.588472,-0.3839805,-0.58679533,0.36222196,0.17007971
0.24004896,5.2312903,0.59568685,5.5883994,-0.38408852,-0.5869386,0.3621986,0.17007971
0.24007006,5.2313104,0.595708,5.5884194,-0.38405967,-0.5869005,0.3622048,0.17007971
0.24001671,5.2312593,0.5956546,5.5883684,-0.38413072,-0.5869949,0.3621893,0.17007971
0.24005695,5.231298,0.5956949,5.5884066,-0.38407755,-0.5869241,0.36220098,0.17007971
0.23958497,5.2308507,0.5952225,5.5879593,-0.3844378,-0.5874193,0.36211753,0.17007971
0.24256736,5.2332587,0.6017466,5.5932207,-0.29060078,-0.5137398,0.44694233,0.23859453
0.2424836,5.23318,0.6016627,5.5931416,-0.29073763,-0.5139289,0.44691062,0.23855066
0.24266317,5.233349,0.6018426,5.5933113,-0.29042554,-0.5134971,0.44698358,0.23865128
0.2426664,5.233352,0.60184586,5.5933146,-0.29041934,-0.51348853,0.44698524,0.23865318
0.2422969,5.233005,0.60147786,5.592966,-0.29097962,-0.51426506,0.44685507,0.23847246
0.24240088,5.2331047,0.6015819,5.593066,-0.29085374,-0.5140879,0.44688392,0.23851371
0.24237692,5.2330823,0.6015579,5.5930433,-0.29088497,-0.51413155,0.44687676,0.23850346
0.24234146,5.233048,0.60152245,5.5930095,-0.29092884,-0.51419306,0.44686675,0.23848915
0.24242403,5.233127,0.601605,5.593088,-0.29082203,-0.51404285,0.44689107,0.23852396
0.2418636,5.232591,0.601045,5.592555,-0.29120922,-0.514585,0.44680357,0.23839736
0.23955253,5.2308574,0.5955306,5.588368,-0.3743391,-0.57568526,0.3705058,0.17916203
0.23959668,5.2308993,0.5955749,5.588411,-0.37423778,-0.5755465,0.37052894,0.17918491
0.23957714,5.230882,0.59555537,5.588393,-0.37428284,-0.5756047,0.37051868,0.17917538
0.23948982,5.230798,0.5954678,5.5883083,-0.3744781,-0.5758734,0.37047458,0.17913127
0.23934314,5.230659,0.5953226,5.5881696,-0.3747759,-0.5762794,0.37040663,0.17906499
0.23898941,5.23032,0.59496886,5.5878315,-0.37534595,-0.5770576,0.37027478,0.17892957
0.23917966,5.230503,0.59515905,5.5880127,-0.3750701,-0.5766809,0.37033892,0.17899823
0.23865321,5.2299986,0.5946329,5.587511,-0.37554836,-0.57734203,0.37022877,0.17881894
0.24160111,5.2325387,0.59975076,5.5917406,-0.31717348,-0.5321443,0.42250514,0.22031641
0.24170466,5.232637,0.5998544,5.59184,-0.3169732,-0.5318663,0.42250514,0.22038102
0.24182934,5.2327566,0.59997916,5.5919595,-0.3167026,-0.53148746,0.42250514,0.22046876
0.24167119,5.232606,0.59982085,5.5918083,-0.31704044,-0.5319576,0.42250514,0.2203598
0.24124168,5.2321925,0.59939146,5.591398,-0.3176639,-0.53282166,0.42250514,0.22015953
0.24164099,5.2325764,0.5997907,5.5917783,-0.3170991,-0.5320418,0.42250514,0.22034025
0.24197258,5.232892,0.60012066,5.5920954,-0.31635976,-0.5310073,0.4225664,0.2205801
0.2418924,5.232817,0.6000423,5.59202,-0.3165543,-0.5312803,0.4225185,0.22051692
0.24091713,5.2318835,0.5990673,5.591089,-0.31780028,-0.53301024,0.42250514,0.22011495
0.24186656,5.2327156,0.59982514,5.591672,-0.3214109,-0.5361991,0.41797733,0.21480536
0.24187373,5.2327223,0.5998323,5.591679,-0.32139277,-0.53617454,0.41798162,0.21481085
0.24196874,5.2328124,0.5999275,5.591769,-0.32114506,-0.5358343,0.41804123,0.21488929
0.24212933,5.232968,0.6000883,5.5919228,-0.32068896,-0.5352068,0.41815233,0.21503353
0.24214567,5.2329836,0.60010463,5.591938,-0.32063985,-0.5351386,0.41816425,0.21504903
0.2420291,5.2328696,0.59998786,5.5918274,-0.32097888,-0.5356059,0.41808152,0.21494198
0.24205253,5.2328954,0.60001135,5.5918493,-0.32091284,-0.53551507,0.41809773,0.21496272
0.24152872,5.232395,0.5994871,5.5913515,-0.32213497,-0.53719187,0.41809082,0.21457458
0.2419173,5.232764,0.5998759,5.5917206,-0.32128143,-0.53602123,0.41800833,0.21484637
0.24090475,5.2318034,0.5988638,5.59076,-0.32267046,-0.53792715,0.41797256,0.21440125
0.24216335,5.2328706,0.60160416,5.5930667,-0.28330112,-0.5064995,0.45322728,0.2442646
0.2421135,5.232823,0.6015543,5.5930185,-0.2834127,-0.5066583,0.45320058,0.24422717
0.24181166,5.2325335,0.60125226,5.592731,-0.28397632,-0.507447,0.45306897,0.24404287
0.24213368,5.2328424,0.6015745,5.593038,-0.2833681,-0.5065949,0.4532113,0.24424195
0.24177913,5.232503,0.6012198,5.5927005,-0.28402472,-0.5075121,0.453058,0.24402761
0.241774,5.2324977,0.60121465,5.592695,-0.2840321,-0.5075238,0.45305634,0.24402499
0.24187325,5.2325945,0.6013139,5.5927896,-0.28387785,-0.5073097,0.45309162,0.24407458
0.24200015,5.232715,0.60144085,5.592911,-0.28364778,-0.5069871,0.45314503,0.24414992
0.24179587,5.232519,0.6012365,5.5927167,-0.28400016,-0.5074785,0.4530635,0.24403548
0.24119063,5.2319427,0.60063183,5.5921407,-0.28444386,-0.50809836,0.45296288,0.24389029
0.23721556,5.228701,0.59156114,5.584784,-0.41924453,-0.61367655,0.331007,0.14430499
0.23725158,5.2287354,0.59159726,5.584818,-0.41921186,-0.61364365,0.33100915,0.14430737
0.23726974,5.228752,0.5916154,5.584835,-0.41919494,-0.613626,0.3310101,0.14430857
0.23725711,5.2287407,0.59160274,5.5848236,-0.41920686,-0.61363816,0.3310094,0.14430785
0.23732716,5.2288065,0.5916729,5.584889,-0.4191382,-0.6135657,0.33101368,0.1443131
0.23735015,5.228828,0.5916959,5.5849113,-0.41911435,-0.61353946,0.3310144,0.144315
0.23729083,5.228772,0.59163654,5.584855,-0.41917467,-0.61360455,0.3310113,0.14431024
0.23728085,5.228763,0.5916265,5.5848455,-0.4191842,-0.6136148,0.33101082,0.14430952
0.23682818,5.228336,0.59117347,5.584418,-0.41954303,-0.61368513,0.3309965,0.14429188
0.6626788,0.70371634,3.4376643,3.6017566,-0.44722772,-0.6758573,0.47714663,0.7396836
0.6625938,0.7036323,3.4375792,3.6016724,-0.4472401,-0.67587686,0.47714472,0.7396836
0.46402416,0.48109573,1.2941557,1.3806729,0.19415426,-0.1587677,1.0106969,0.8303349
0.4642598,0.48131877,1.2943915,1.3808963,0.19418073,-0.15871453,1.0107037,0.83034325
0.46422693,0.4812878,1.2943586,1.3808652,0.19417429,-0.15872669,1.0107023,0.8303416
0.46421072,0.48127264,1.2943424,1.3808501,0.19417143,-0.15873218,1.0107015,0.8303406
0.46517363,0.48081774,1.2953866,1.3793253,0.26079535,-0.11909604,1.0707371,0.86823964
0.4654402,0.48105758,1.2956462,1.3795655,0.26082397,-0.11903763,1.0707452,0.8682492
0.46540445,0.48102444,1.2956104,1.3795323,0.26081705,-0.11905074,1.0707434,0.8682473
0.46536055,0.48098525,1.2955664,1.379493,0.26081014,-0.11906433,1.0707417,0.8682451
0.6604128,0.7015405,3.887034,4.0595765,-0.4573028,-0.6824825,0.46938634,0.7352359
0.6603306,0.70145917,3.8869517,4.059495,-0.45731497,-0.6825011,0.46938443,0.7352359
0.46208686,0.47988138,1.2902377,1.3776009,0.12944722,-0.20940256,0.9532578,0.78275514
0.46223372,0.48001948,1.2903847,1.3777392,0.12945938,-0.20937896,0.9532609,0.7827585
0.46224302,0.4800292,1.290394,1.377749,0.12946081,-0.2093761,0.95326114,0.78275895
0.46223962,0.4800261,1.2903905,1.3777459,0.12946033,-0.20937705,0.95326114,0.78275895
0.47640347,0.4900618,1.3216308,1.4033543,0.4045732,0.0040328503,1.2036841,0.9845388
0.47675186,0.49038598,1.3219782,1.4036775,0.40461183,0.0041103363,1.2036937,0.98455477
0.47667378,0.49031413,1.3219004,1.4036058,0.40459776,0.0040831566,1.2036904,0.98454976
0.4767204,0.4903586,1.321947,1.4036503,0.40460587,0.004099369,1.2036923,0.9845526
0.46365088,0.4794823,1.2934489,1.3776103,0.24546957,-0.13139963,1.0568696,0.85634327
0.46387982,0.47968787,1.2936713,1.3778161,0.24549174,-0.13135433,1.0568757,0.85635066
0.4639287,0.47973365,1.2937201,1.377862,0.24550152,-0.1313355,1.0568781,0.8563535
0.4639305,0.4797368,1.2937219,1.3778652,0.24550176,-0.13133383,1.0568782,0.85635376
0.67022794,0.7107273,3.8961196,4.068661,-0.3936503,-0.6407106,0.5192604,0.76374745
0.6701305,0.7106308,3.8960218,4.0685644,-0.39366508,-0.6407349,0.519258,0.76374745
0.46188316,0.47883272,1.2893567,1.3756981,0.20603561,-0.14936829,1.0215656,0.83949924
0.4620994,0.47903717,1.2895731,1.3759028,0.20605779,-0.14932299,1.0215716,0.8395066
0.46208143,0.4790207,1.2895551,1.3758863,0.20605469,-0.14932919,1.0215708,0.8395057
0.46209106,0.47903022,1.2895647,1.3758957,0.20605636,-0.14932561,1.0215712,0.83950615
0.46512246,0.48055744,1.2968593,1.380563,0.2771299,-0.105695724,1.0854355,0.8809364
0.46537825,0.48078838,1.2971079,1.3807943,0.27715588,-0.105641365,1.0854428,0.88094544
0.4653323,0.48074552,1.2970619,1.3807514,0.277148,-0.1056571,1.0854408,0.8809428
0.46533954,0.4807534,1.2970692,1.3807594,0.27714896,-0.10565448,1.085441,0.8809433
0.66401327,0.7051136,3.9433293,4.1147223,-0.47003436,-0.6904764,0.459764,0.7296562
0.6639306,0.7050318,3.9432468,4.1146407,-0.470047,-0.6904955,0.45976233,0.7296562
0.45969835,0.47705564,1.2851835,1.3719944,0.17112446,-0.17672038,0.990443,0.8135226
0.4599434,0.4772871,1.2854288,1.3722261,0.17115426,-0.17666245,0.9904504,0.8135314
0.45988807,0.477235,1.2853734,1.372174,0.17114282,-0.17668343,0.99044776,0.8135283
0.45990506,0.4772512,1.2853904,1.3721902,0.17114592,-0.17667747,0.9904485,0.81352925
0.46533918,0.48157123,1.2983778,1.3830559,0.20955992,-0.16091871,1.0243466,0.8284099
0.4655244,0.48174265,1.2985632,1.3832276,0.2095766,-0.1608851,1.0243511,0.82841516
0.4655054,0.48172483,1.298544,1.3832097,0.2095735,-0.16089082,1.0243504,0.82841444
0.46549475,0.48171586,1.2985334,1.3832006,0.20957208,-0.16089368,1.0243499,0.82841396
0.6690952,0.7101515,3.4848137,3.6474328,-0.5228107,-0.7226391,0.41960907,0.70642924
0.6690248,0.7100819,3.4847434,3.6473632,-0.52282095,-0.72265434,0.41960907,0.70642924
0.4671663,0.48359683,1.302391,1.3881928,0.24655819,-0.11723781,1.0575032,0.86973715
0.46736893,0.4837888,1.3025937,1.388385,0.24657679,-0.11719799,1.0575086,0.8697436
0.46735644,0.48377758,1.3025813,1.3883737,0.24657488,-0.117201805,1.0575081,0.8697431
0.46735838,0.48377964,1.3025832,1.3883759,0.24657512,-0.11720109,1.0575081,0.86974335
0.462132,0.477733,1.29065,1.3745177,0.26499987,-0.11566949,1.0746871,0.87168217
0.46233442,0.47791332,1.2908456,1.3746983,0.26501703,-0.11563349,1.0746921,0.8716881
0.46237445,0.4779516,1.2908857,1.3747365,0.26502395,-0.11561966,1.0746938,0.8716903
0.46237993,0.47795784,1.290891,1.3747429,0.2650249,-0.115617275,1.074694,0.87169075
0.65825605,0.6990229,3.4777458,3.6422412,-0.43115973,-0.6655283,0.4896388,0.7468612
0.6581702,0.69893795,3.4776597,3.6421561,-0.43117237,-0.66554785,0.48963714,0.7468612
0.45593235,0.47368166,1.2770883,1.364326,0.13754153,-0.20268369,0.9608729,0.78915286
0.45617577,0.4739106,1.2773318,1.3645551,0.13757253,-0.20262551,0.9608803,0.78916144
0.4561214,0.47385997,1.2772775,1.3645046,0.1375606,-0.20264673,0.96087766,0.7891586
0.45613378,0.47387186,1.2772899,1.3645164,0.13756299,-0.2026422,0.96087813,0.78915906
0.45653248,0.47350526,1.2783235,1.3637731,0.14905977,-0.20853996,0.9711094,0.78388786
0.45669484,0.47365358,1.2784859,1.3639216,0.14907384,-0.20851326,0.97111297,0.7838919
0.4567124,0.47367072,1.2785035,1.3639388,0.1490767,-0.20850754,0.9711139,0.78389263
0.4567041,0.4736639,1.2784952,1.363932,0.14907527,-0.20850968,0.97111344,0.7838924
0.6540834,0.69430244,3.487724,3.6542192,-0.28666615,-0.5653591,0.6066191,0.8185098
0.6539615,0.6941815,3.487602,3.6540983,-0.28668332,-0.5653591,0.606616,0.8185079
0.45598248,0.4737318,1.2771403,1.3643781,0.13760209,-0.20257592,0.96091557,0.78920007
0.4562428,0.47397658,1.2774007,1.3646232,0.13763714,-0.20250988,0.9609239,0.7892101
0.45617783,0.47391596,1.2773358,1.3645625,0.13762236,-0.20253658,0.9609206,0.789206
0.45619094,0.47392842,1.2773489,1.3645749,0.13762498,-0.20253158,0.9609213,0.78920674
0.45702833,0.4739038,1.2792909,1.3646283,0.15759254,-0.20194411,0.9786806,0.79016566
0.45718196,0.47404453,1.2794447,1.3647692,0.15760517,-0.2019198,0.97868395,0.79016924
0.4571843,0.4740472,1.2794471,1.3647718,0.15760565,-0.20191884,0.97868395,0.7901695
0.45718968,0.47405398,1.2794524,1.3647786,0.15760636,-0.20191693,0.9786842,0.7901697
0.65804,0.69859207,3.47871,3.6446943,-0.34307528,-0.60607576,0.5603051,0.7878239
0.65796465,0.69851744,3.4786344,3.6446197,-0.34308314,-0.6060896,0.5603051,0.7878239
0.45574236,0.4735713,1.2764952,1.3638242,0.12998176,-0.20881462,0.95426655,0.78367376
0.45589957,0.47371912,1.2766525,1.3639722,0.12999535,-0.20878792,0.9542701,0.7836776
0.45589894,0.47371948,1.276652,1.3639725,0.12999511,-0.20878792,0.9542701,0.7836776
0.455893,0.4737139,1.2766459,1.363967,0.12999415,-0.20878959,0.9542699,0.7836776
0.4654347,0.48170218,1.2982988,1.3830173,0.20653033,-0.16345501,1.0216576,0.8261092
0.46562973,0.4818812,1.298494,1.3831965,0.20654869,-0.16341877,1.0216626,0.8261149
0.46557963,0.4818351,1.2984438,1.3831503,0.20654106,-0.16343331,1.0216607,0.8261125
0.4655543,0.48181427,1.2984188,1.3831297,0.20653796,-0.16343856,1.0216576,0.8261092
0.6683379,0.7096823,3.4662392,3.6301396,-0.5118413,-0.71628785,0.4278474,0.7113061
0.6682654,0.70961064,3.4661665,3.6300678,-0.511852,-0.7163036,0.4278474,0.7113061
0.4648238,0.4818503,1.2971307,1.3836167,0.1969192,-0.15683746,1.013049,0.83221674
0.4649927,0.4820095,1.2972996,1.3837762,0.19693327,-0.1568079,1.0130529,0.8322215
0.46501336,0.48203033,1.2973204,1.3837969,0.1969366,-0.15680099,1.0130538,0.83222246
0.46502456,0.48204136,1.2973315,1.383808,0.19693875,-0.15679693,1.0130541,0.8322232
0.49005246,0.49889427,1.3531224,1.4303865,0.6432991,0.15521407,1.4158338,1.1871641
0.49097455,0.49976584,1.3540449,1.4312615,0.6434529,0.15558791,1.4158704,1.1872227
0.4909005,0.4996977,1.3539708,1.431193,0.6434305,0.15553308,1.4158654,1.1872153
0.4908778,0.49967775,1.353948,1.431173,0.6434238,0.15551782,1.4158639,1.1872133
0.67507315,0.7156542,3.6280801,3.7914646,-0.42275238,-0.66008306,0.49626875,0.7506647
0.6749811,0.71556306,3.627988,3.7913735,-0.42276645,-0.66010547,0.4962666,0.7506647
0.46343148,0.48070273,1.2925832,1.3793303,0.17703795,-0.17210126,0.9954345,0.8176286
0.4637001,0.4809564,1.292852,1.3795843,0.177073,-0.17203307,0.9954431,0.8176391
0.46362063,0.48088178,1.2927725,1.3795096,0.17705607,-0.17206454,0.9954393,0.81763434
0.46363643,0.4808969,1.2927883,1.3795246,0.17705894,-0.17205906,0.99544,0.81763506
0.48777106,0.49496454,1.3461617,1.4226521,0.703316,0.20320296,1.4663503,1.2014388
0.4886755,0.49583095,1.3470883,1.4235094,0.70344853,0.20351744,1.4663813,1.2014874
0.4886367,0.49579558,1.3470496,1.4234738,0.70343804,0.20349216,1.4663789,1.2014837
0.48863363,0.4957939,1.3470466,1.4234722,0.7034371,0.20349121,1.4663787,1.2014836
0.67150384,0.70902866,3.628022,3.796748,-0.06552148,-0.44044995,0.7850566,0.9339073
0.6712891,0.70881516,3.6278071,3.7965343,-0.06555629,-0.44052792,0.7850497,0.93390584
0.46487448,0.48020133,1.2940104,1.3784087,0.33745766,-0.04241228,1.140651,0.9418206
0.4651312,0.48044482,1.2942663,1.3786526,0.3374827,-0.042355537,1.1406585,0.9418309
0.46509215,0.48040867,1.2942275,1.3786163,0.3374765,-0.04236865,1.1406568,0.9418287
0.46510133,0.48041767,1.2942367,1.3786254,0.33747768,-0.04236555,1.1406573,0.9418292
0.459794,0.47573456,1.2827679,1.3669852,0.23920608,-0.13663507,1.0517718,0.8520429
0.4600271,0.47595018,1.2830012,1.3672012,0.23923016,-0.13658571,1.0517784,0.8520508
0.45997545,0.47590205,1.2829494,1.3671529,0.23922133,-0.13660288,1.0517762,0.85204816
0.45997503,0.4759034,1.2829491,1.3671542,0.23922133,-0.1366024,1.0517762,0.85204816
0.65118784,0.6929018,3.4262962,3.5895524,-0.5454416,-0.735739,0.40224576,0.69677186
0.6511207,0.6928355,3.4262292,3.589486,-0.5454514,-0.73574185,0.40224576,0.69677186
0.45403478,0.47202656,1.2701038,1.3575828,0.11697936,-0.2186482,0.9430938,0.7746022
0.45418492,0.47216755,1.270254,1.3577238,0.116992,-0.21862364,0.9430969,0.774606
0.4541942,0.47217727,1.2702634,1.3577336,0.116993666,-0.21862054,0.94309735,0.7746062
0.45418885,0.47217226,1.2702581,1.3577286,0.11699271,-0.21862221,0.9430971,0.774606
0.45943058,0.47533777,1.2825104,1.366728,0.24010468,-0.13028169,1.0543287,0.8550391
0.46051174,0.4763553,1.2835896,1.3677332,0.24056315,-0.12943888,1.0544289,0.8551669
0.45964098,0.47553256,1.2827202,1.3669223,0.24012542,-0.13023973,1.0543345,0.85504603
0.4604557,0.47630528,1.2835336,1.3676829,0.24051738,-0.12951899,1.0544194,0.85515475
0.65843815,0.6990928,3.601803,3.7679706,-0.35338855,-0.6133256,0.55199575,0.78281045
0.65832645,0.6989821,3.6016912,3.76786,-0.35340667,-0.6133561,0.55199265,0.7828088
0.45693937,0.47523165,1.2773345,1.3652171,0.08629918,-0.24170136,0.9157207,0.7524638
0.45715663,0.47543544,1.2775519,1.365421,0.08632612,-0.24165225,0.9157269,0.75247097
0.457088,0.47537154,1.2774832,1.365357,0.086312294,-0.2416768,0.9157238,0.7524674
0.4571024,0.4753852,1.2774976,1.3653709,0.08631468,-0.24167228,0.9157245,0.7524681
0.4955702,0.5022808,1.364566,1.4407735,0.7177241,0.2136004,1.479357,1.2106215
0.49633798,0.5030158,1.3653557,1.4415,0.71781874,0.21382308,1.4793795,1.2106564
0.4962677,0.5029516,1.3652856,1.4414356,0.71780324,0.21378613,1.479376,1.2106509
0.49631488,0.5029965,1.3653327,1.4414806,0.7178135,0.21381164,1.4793783,1.2106547
0.6716852,0.71248734,3.6020098,3.7667263,-0.4349594,-0.66803026,0.48667264,0.7451675
0.67159975,0.7124027,3.6019242,3.7666414,-0.43497205,-0.6680498,0.48667073,0.7451675
0.46301314,0.48038942,1.2913557,1.37822,0.16785288,-0.17950153,0.98733735,0.8108616
0.4632065,0.48057148,1.2915492,1.3784022,0.16787195,-0.17946386,0.9873421,0.81086755
0.4632141,0.48057976,1.2915568,1.3784106,0.16787338,-0.17946076,0.9873426,0.810868
0.46320635,0.48057243,1.291549,1.3784031,0.16787195,-0.17946339,0.9873421,0.81086755
0.47262162,0.48685056,1.3135083,1.3958659,0.36696815,-0.03048873,1.1667701,0.95222425
0.47294226,0.48714843,1.3138281,1.3961643,0.36700416,-0.030410051,1.1667806,0.9522383
0.47289723,0.48710698,1.3137832,1.3961228,0.36699557,-0.030427456,1.1667784,0.95223546
0.4728938,0.48710486,1.3137797,1.3961207,0.3669951,-0.030428171,1.1667783,0.9522352
0.675455,0.71456057,3.61708,3.7850971,-0.20287132,-0.51875114,0.67358875,0.8682325
0.6752958,0.71440256,3.616921,3.784939,-0.20289612,-0.51880383,0.673584,0.86823153
0.46472353,0.48170292,1.2950106,1.3814193,0.20218778,-0.15232706,1.0178698,0.83636856
0.46499914,0.48196343,1.2952864,1.3816803,0.20222306,-0.1522572,1.0178788,0.8363795
0.4649261,0.48189482,1.2952133,1.3816116,0.20220757,-0.15228629,1.0178751,0.836375
0.46491525,0.48188478,1.2952024,1.3816015,0.20220566,-0.15228987,1.0178747,0.8363745
0.46802357,0.48348427,1.3028811,1.3866521,0.2735989,-0.108721495,1.0819978,0.87786746
0.4682466,0.48368427,1.3030972,1.3868524,0.27361917,-0.108679056,1.0820037,0.8778746
0.46824652,0.48368454,1.3030971,1.3868526,0.27361917,-0.108679056,1.0820037,0.8778746
0.46825528,0.48369455,1.3031058,1.3868626,0.2736206,-0.10867524,1.082004,0.8778753
0.6663602,0.706975,3.4757373,3.640059,-0.38815093,-0.6367698,0.5238457,0.7662449
0.6662588,0.70687455,3.4756358,3.6399584,-0.38816714,-0.636796,0.52384305,0.7662449
0.46958783,0.48541683,1.3077502,1.392865,0.29449773,-0.07776046,1.1006631,0.9068327
0.46993712,0.48574734,1.3080988,1.3931961,0.2945447,-0.07766223,1.1006756,0.90684915
0.46982554,0.48564225,1.3079875,1.3930908,0.2945211,-0.0777092,1.1006699,0.9068415
0.46984923,0.4856648,1.308011,1.3931134,0.29452538,-0.07770038,1.100671,0.90684295
0.46447888,0.47951967,1.295739,1.378959,0.30869365,-0.079861164,1.1142588,0.906018
0.4646716,0.47969845,1.2959315,1.3791381,0.30870938,-0.079826355,1.1142637,0.906024
0.4646509,0.47967863,1.2959107,1.3791182,0.30870652,-0.079832315,1.1142629,0.906023
0.4646627,0.47969148,1.2959225,1.3791311,0.3087082,-0.0798285,1.1142633,0.90602374
0.66463965,0.7059061,3.457708,3.6215835,-0.48012352,-0.6968088,0.45191455,0.7252059
0.66455984,0.7058272,3.457628,3.6215045,-0.48013544,-0.69682693,0.45191264,0.7252059
0.46202835,0.4783104,1.2903643,1.375909,0.26199102,-0.10457492,1.0719908,0.88229895
0.46222386,0.47848898,1.2905532,1.3760878,0.262007,-0.10453987,1.0719955,0.8823049
0.46223953,0.47850546,1.290569,1.3761044,0.26200938,-0.10453439,1.0719961,0.88230586
0.46224746,0.4785133,1.2905768,1.3761121,0.2620108,-0.10453153,1.0719965,0.8823061
0.4693598,0.48460838,1.3049593,1.3884838,0.29041815,-0.094824076,1.0972129,0.8910761
0.46961454,0.48484373,1.3052135,1.3887196,0.2904446,-0.094768524,1.0972205,0.8910856
0.46956855,0.48480138,1.3051676,1.3886771,0.2904365,-0.09478426,1.0972185,0.891083
0.4695854,0.4848187,1.3051844,1.3886944,0.29043937,-0.09477806,1.0972192,0.89108396
0.67183626,0.71258956,3.4803045,3.6432405,-0.45430112,-0.68077445,0.47178435,0.7366073
0.6717505,0.71250474,3.480219,3.6431553,-0.45431423,-0.6807947,0.47178245,0.7366073
0.46449563,0.48157725,1.2942778,1.3808032,0.19330621,-0.15962839,1.0099969,0.82971
0.46468127,0.48175216,1.2944635,1.3809783,0.19332314,-0.15959382,1.0100014,0.8297155
0.46468863,0.48176008,1.294471,1.3809862,0.19332457,-0.15959096,1.0100018,0.82971597
0.46469674,0.48176798,1.2944791,1.3809941,0.193326,-0.1595881,1.0100021,0.82971644
0.46624938,0.48223615,1.2982371,1.3826096,0.23119473,-0.14329529,1.0438621,0.84508944
0.46648097,0.48245022,1.298469,1.3828241,0.23121905,-0.14324641,1.0438688,0.8450973
0.46643385,0.48240647,1.2984217,1.3827802,0.23121071,-0.14326239,1.0438668,0.8450949
0.46644434,0.48241785,1.2984322,1.3827916,0.23121238,-0.14325833,1.0438671,0.8450954
0.66841894,0.7092501,3.4669995,3.6310198,-0.43787217,-0.66992164,0.48441696,0.7438588
0.66833514,0.7091672,3.4669156,3.6309369,-0.4378841,-0.6699405,0.4844153,0.7438588
0.46498424,0.48192236,1.2954671,1.3818274,0.20544338,-0.15009761,1.0208411,0.8387871
0.4651606,0.4820889,1.2956437,1.3819941,0.20545864,-0.1500659,1.0208455,0.8387923
0.46515682,0.48208633,1.2956399,1.3819915,0.20545816,-0.15006661,1.0208454,0.8387921
0.46516445,0.48209387,1.2956474,1.3819991,0.20545936,-0.15006423,1.0208457,0.83879256
0.46645457,0.4823591,1.2988424,1.3831198,0.23786283,-0.13799691,1.0498672,0.85020065
0.4666737,0.48256207,1.2990617,1.3833231,0.23788452,-0.13795257,1.0498731,0.8502078
0.4666125,0.48250493,1.2990004,1.3832659,0.23787475,-0.1379714,1.0498707,0.85020494
0.466628,0.4825212,1.2990159,1.3832822,0.23787689,-0.13796663,1.0498713,0.85020566
0.68233776,0.7224545,3.4808478,3.6454837,-0.35561728,-0.6150658,0.55023885,0.78200746
0.6822273,0.7223451,3.4807377,3.6453743,-0.35563517,-0.6150961,0.55023575,0.78200555
0.46612054,0.48265326,1.2986022,1.3844963,0.2392509,-0.1230073,1.0511054,0.8643701
0.46631113,0.4828334,1.298793,1.3846767,0.23926783,-0.1229713,1.0511101,0.86437607
0.46632344,0.48284656,1.2988054,1.3846899,0.23926973,-0.12296677,1.0511107,0.8643768
0.466332,0.482855,1.2988138,1.3846984,0.23927116,-0.12296367,1.051111,0.86437726
0.47942245,0.49216777,1.3276529,1.408283,0.4627757,0.034826517,1.2624791,1.0375348
0.4797595,0.4924824,1.3279889,1.4085975,0.46280742,0.034896612,1.2624878,1.0375503
0.4797633,0.49248624,1.3279927,1.4086014,0.46280813,0.03489828,1.2624879,1.0375507
0.47975686,0.49248156,1.3279864,1.4085966,0.46280694,0.034896135,1.2624878,1.0375503
0.67916346,0.71899676,3.5283577,3.6928158,-0.32343102,-0.59276056,0.5766823,0.798553
0.67904973,0.718884,3.528244,3.692703,-0.3234489,-0.59279156,0.5766792,0.7985513
0.46453574,0.48157525,1.294816,1.3812965,0.19689608,-0.15660596,1.0131409,0.83237934
0.46477574,0.4818021,1.2950561,1.3815238,0.1969235,-0.15655136,1.0131481,0.8323879
0.4647434,0.4817718,1.2950237,1.3814934,0.19691706,-0.15656352,1.0131465,0.83238626
0.46472764,0.4817571,1.295008,1.3814787,0.1969142,-0.15656877,1.0131459,0.8323853
0.4659278,0.4813593,1.2971795,1.3808746,0.27776194,-0.10495973,1.0860083,0.8814907
0.46622214,0.48162565,1.2974665,1.3811414,0.27779555,-0.10489035,1.0860175,0.8815024
0.46617368,0.48158678,1.2974248,1.3811024,0.2777872,-0.1049068,1.0860153,0.88149977
0.4661489,0.48156503,1.2974001,1.3810807,0.27778268,-0.10491514,1.0860144,0.88149834
0.6691103,0.7092563,3.5084627,3.6743774,-0.3091221,-0.5817056,0.58840203,0.8061662
0.66898584,0.70913285,3.5083382,3.674254,-0.3091426,-0.5817423,0.5883987,0.80616426
0.46041664,0.47784388,1.2850454,1.3719306,0.16499162,-0.1817925,0.985091,0.8090279
0.4605823,0.4779998,1.2852112,1.3720868,0.16500592,-0.18176365,0.985095,0.80903244
0.46059185,0.47800997,1.2852207,1.3720969,0.16500759,-0.18176031,0.98509526,0.8090329
0.4605891,0.47800747,1.2852181,1.3720944,0.16500711,-0.18176103,0.985095,0.8090327
0.46821615,0.48308563,1.3022184,1.3852664,0.321182,-0.06900525,1.1253577,0.91579366
0.46848303,0.4833321,1.3024848,1.3855133,0.32120967,-0.06894636,1.1253659,0.91580415
0.46850652,0.48335513,1.3025081,1.3855364,0.3212142,-0.06893659,1.1253669,0.9158056
0.46848503,0.48333615,1.3024867,1.3855172,0.3212099,-0.06894469,1.125366,0.9158044
0.6608515,0.7020993,3.433121,3.5970957,-0.4731369,-0.6925566,0.45724916,0.7282698
0.66077423,0.7020229,3.4330437,3.5970192,-0.47314787,-0.6925733,0.45724916,0.7282698
0.4586812,0.4755254,1.2803861,1.366538,0.21778893,-0.13993764,1.0325605,0.8488841
0.45890707,0.4757389,1.2806121,1.3667519,0.21781254,-0.13988924,1.0325669,0.848892
0.45887446,0.47570854,1.2805794,1.3667214,0.21780658,-0.13990045,1.0325655,0.84889007
0.4588804,0.47571436,1.2805853,1.3667272,0.21780777,-0.1398983,1.0325657,0.8488903
0.48029026,0.4929971,1.3302453,1.410858,0.46468067,0.03640127,1.2641206,1.0392044
0.4808093,0.4934825,1.3307627,1.4113435,0.4647522,0.03655553,1.2641383,1.0392342
0.48080456,0.4934785,1.330758,1.4113394,0.46475077,0.036553383,1.264138,1.0392338
0.48081625,0.49349126,1.3307697,1.4113522,0.46475387,0.036560774,1.2641387,1.0392351
0.6935302,0.73297596,3.5245388,3.6893547,-0.31593657,-0.5881169,0.58287454,0.80299115
0.69340837,0.73285514,3.524417,3.689234,-0.31595635,-0.58815265,0.5828712,0.80298924
0.46725747,0.48300192,1.3001279,1.3850747,0.30340552,-0.07076526,1.1092721,0.9143381
0.46748972,0.4832223,1.3003595,1.3852955,0.30342746,-0.07071638,1.1092787,0.9143467
0.46745896,0.48319334,1.3003287,1.3852665,0.3034227,-0.070726395,1.1092774,0.914345
0.46746463,0.48319888,1.3003345,1.385272,0.3034234,-0.07072449,1.1092776,0.91434526
0.4703058,0.48467064,1.3067687,1.3892354,0.35853457,-0.037657022,1.1593935,0.9457867
0.47062933,0.4849727,1.3070912,1.389538,0.35857177,-0.0375762,1.1594043,0.945801
0.4704998,0.48485085,1.3069621,1.389416,0.3585496,-0.037621975,1.1593984,0.9457934
0.47051504,0.48486677,1.3069774,1.3894318,0.35855174,-0.03761697,1.1593992,0.94579434
0.6567302,0.69787395,4.003244,4.167874,-0.4396026,-0.67111087,0.48302102,0.7430403
0.6566419,0.6977866,4.0031557,4.167786,-0.4396162,-0.67113185,0.48301888,0.7430403
0.46909332,0.4852186,1.3054159,1.3908651,0.27147818,-0.09660792,1.0798988,0.88897395
0.4694273,0.4855272,1.3057423,1.3911742,0.27152133,-0.09651899,1.0799103,0.8889885
0.46934596,0.48545763,1.3056679,1.3911046,0.27150512,-0.0965507,1.0799065,0.8889837
0.4693585,0.48546958,1.3056804,1.3911165,0.2715075,-0.096545696,1.079907,0.88898444
0.46349624,0.4803817,1.292938,1.3783623,0.15320516,-0.20551682,0.9742415,0.78639126
0.4636749,0.48054567,1.2931169,1.3785264,0.15322185,-0.2054851,0.974246,0.786396
0.4636442,0.48051742,1.2930862,1.3784981,0.15321684,-0.20549417,0.9742446,0.7863946
0.46364343,0.48051792,1.2930853,1.3784986,0.15321684,-0.20549393,0.9742446,0.7863946
0.6628475,0.70442617,3.9990008,4.1625185,-0.52538776,-0.72421,0.4175272,0.70544076
0.66277826,0.7043577,3.9989314,4.16245,-0.5253978,-0.7242248,0.4175272,0.70544076
0.4639402,0.48136002,1.2939264,1.3808597,0.16307163,-0.18335366,0.98297,0.8071945
0.46412256,0.4815317,1.2941089,1.3810315,0.1630888,-0.18331957,0.9829745,0.8071997
0.46411505,0.48152545,1.2941014,1.3810253,0.16308737,-0.18332171,0.9829743,0.80719924
0.46412414,0.48153433,1.2941104,1.3810343,0.16308904,-0.18331861,0.9829745,0.8071997
0.4689701,0.48357147,1.3047903,1.3875338,0.34102893,-0.05264759,1.1434196,0.93160367
0.46925688,0.48383582,1.3050764,1.3877985,0.34105945,-0.052582264,1.1434287,0.9316151
0.46918333,0.48376864,1.3050028,1.3877313,0.3410468,-0.052607298,1.1434255,0.9316108
0.46921036,0.4837947,1.3050297,1.3877574,0.3410511,-0.052598238,1.1434265,0.9316125
0.65820265,0.69973385,3.990118,4.153801,-0.54803157,-0.7375083,0.4002545,0.69557595
0.6581357,0.6996678,3.990051,4.1537347,-0.54804134,-0.7375114,0.4002545,0.69557595
0.45601013,0.4744138,1.2763517,1.3643677,0.07516503,-0.2502191,0.90599823,0.744637
0.45616275,0.4745568,1.2765045,1.3645109,0.0751791,-0.25019336,0.90600157,0.7446406
0.45615622,0.47455153,1.276498,1.3645056,0.07517791,-0.25019526,0.9060013,0.7446406
0.45614675,0.47454247,1.2764884,1.3644966,0.07517624,-0.2501979,0.9060011,0.7446401
0.46665978,0.48265693,1.3008457,1.3852538,0.22909737,-0.14534712,1.0418627,0.8432684
0.4668175,0.4828019,1.3010035,1.385399,0.22910929,-0.14532185,1.0418663,0.8432727
0.46683082,0.48281458,1.3010168,1.3854116,0.2291112,-0.14531803,1.0418668,0.84327316
0.46683136,0.4828167,1.3010173,1.3854138,0.22911143,-0.14531755,1.0418668,0.84327316
0.6739205,0.7141373,4.0137095,4.1796265,-0.32962465,-0.5965028,0.5715327,0.79489636
0.6738106,0.7140284,4.0135994,4.1795173,-0.32964134,-0.59653187,0.5715296,0.79489636
0.46711096,0.4836478,1.3018157,1.3877406,0.23797655,-0.123998165,1.0497639,0.8631935
0.4673423,0.48386624,1.3020473,1.3879595,0.23800063,-0.1239481,1.0497705,0.8632016
0.4673421,0.48386696,1.302047,1.3879601,0.23800063,-0.1239481,1.0497705,0.86320186
0.4673329,0.48385826,1.3020378,1.3879514,0.23799872,-0.123951435,1.04977,0.86320114
0.46992984,0.48512205,1.3080564,1.3915429,0.29385066,-0.09193063,1.1001202,0.8935685
0.47020632,0.48537827,1.3083322,1.3917994,0.29388142,-0.09186649,1.1001288,0.8935795
0.4701412,0.48531765,1.3082672,1.3917388,0.2938695,-0.09188986,1.1001259,0.89357567
0.4701596,0.4853365,1.3082856,1.3917576,0.2938726,-0.09188318,1.1001267,0.8935766
0.6657712,0.7069085,4.030594,4.192876,-0.48131442,-0.69749904,0.45109344,0.7246764
0.66569287,0.706831,4.0305157,4.192798,-0.4813261,-0.69751644,0.45109177,0.7246764
0.4611129,0.47903228,1.289048,1.3765589,0.1178689,-0.21821547,0.94302464,0.7744217
0.46127996,0.4791895,1.2892151,1.3767163,0.1178844,-0.21818566,0.94302845,0.7744262
0.46125817,0.47916955,1.2891934,1.3766963,0.11788082,-0.2181921,0.9430275,0.77442527
0.46125525,0.47916684,1.2891903,1.3766936,0.11788058,-0.21819282,0.9430275,0.77442527
0.47847927,0.4908471,1.3261461,1.4061275,0.49912,0.05013132,1.2952876,1.0677251
0.47898152,0.49131945,1.3266745,1.406599,0.49918318,0.050271273,1.295304,1.0677533
0.47895378,0.49129403,1.3266467,1.4065735,0.49917698,0.050256968,1.2953025,1.067751
0.47895396,0.49129614,1.3266469,1.4065757,0.49917698,0.05025816,1.2953025,1.0677512
0.6684988,0.7090586,3.8942494,4.0669236,-0.36153817,-0.61862516,0.5452466,0.7787931
0.6684166,0.7089772,3.8941674,4.0668426,-0.36154795,-0.61864185,0.5452466,0.7787931
0.46720394,0.4837223,1.3016089,1.3875096,0.23987198,-0.12204909,1.0514272,0.8647094
0.46754235,0.48403576,1.3019406,1.3878236,0.23991871,-0.12195492,1.0514392,0.86472464
0.46746165,0.48396006,1.3018597,1.3877478,0.23989964,-0.12199116,1.0514346,0.8647189
0.46746913,0.48396716,1.3018672,1.3877548,0.2399013,-0.1219883,1.0514351,0.8647194
0.46939287,0.48475447,1.3063043,1.389981,0.28094554,-0.10241699,1.0884529,0.8834827
0.46971563,0.48504636,1.3066195,1.3902733,0.28098536,-0.10233593,1.0884637,0.88349605
0.46962625,0.4849705,1.3065372,1.3901974,0.28096843,-0.10236859,1.0884595,0.8834908
0.46963546,0.48498002,1.3065463,1.3902069,0.2809701,-0.10236502,1.08846,0.8834915
0.66773474,0.7094457,3.8671288,4.039839,-0.56355596,-0.7464278,0.38839555,0.6889188
0.6676699,0.70938164,3.867064,4.039775,-0.5635655,-0.74643064,0.38839555,0.6889188
0.46681538,0.4834665,1.3005683,1.3866191,0.22870684,-0.13151813,1.0414996,0.85617924
0.4670291,0.48366845,1.3007823,1.3868213,0.22872782,-0.13147426,1.0415055,0.8561864
0.46700734,0.48364854,1.3007604,1.3868014,0.228724,-0.13148141,1.0415044,0.85618544
0.4670165,0.48365757,1.3007697,1.3868105,0.22872567,-0.13147831,1.0415049,0.8561859
2.0669606,2.054736,2.175063,2.1595917,0.11975813,-0.604342,0.90512156,0.42102242
2.067156,2.0549178,2.1752582,2.1597738,0.11977863,-0.60426784,0.90512633,0.42103195
2.0999029,2.0724514,2.2484238,2.2082436,0.73576903,-0.029774427,1.5082004,1.0139898
2.1006837,2.0732167,2.2492049,2.20901,0.73585415,-0.029404879,1.5082183,1.0140356
2.0676565,2.0557926,2.1765757,2.1624188,0.13195252,-0.5634937,0.91694045,0.46305203
2.0678778,2.056006,2.176797,2.1626322,0.1319778,-0.56340027,0.9169462,0.4630642
2.050389,2.0463784,2.1378458,2.1366248,-0.40159583,-0.99301267,0.40963483,0.014663458
2.05049,2.0464745,2.1379466,2.13672,-0.4015813,-0.99296904,0.40963745,0.0146689415
2.0811121,2.0618393,2.2064853,2.179804,0.33812523,-0.3813343,1.1181732,0.6476357
2.0814815,2.0621977,2.2068548,2.1801627,0.3381722,-0.3811698,1.1181847,0.647661
2.0499966,2.0455213,2.136855,2.1349018,-0.49874783,-1.0664597,0.31891155,-0.06391621
2.0500786,2.0455985,2.136937,2.1349792,-0.49873638,-1.0664263,0.31891346,-0.06391215
2.0541542,2.0481827,2.1462917,2.141735,-0.31809807,-0.9298928,0.487314,0.08349562
2.0542462,2.048271,2.1463835,2.1418223,-0.31808805,-0.92986035,0.4873159,0.08349967
2.0810645,2.0627575,2.2063951,2.181268,0.42108488,-0.305207,1.1990877,0.7237842
2.0815492,2.0632303,2.2068799,2.181741,0.42115283,-0.3049636,1.1991041,0.7238221
2.1052413,2.0752144,2.2603943,2.2160141,0.8203902,0.049884558,1.5911144,1.0909096
2.1061747,2.0761302,2.261328,2.216931,0.8204925,0.05033374,1.591136,1.0909662
2.115067,2.079887,2.2822845,2.2292888,0.9377804,0.16167116,1.7071422,1.2051901
2.1162918,2.0810924,2.2835097,2.2304962,0.93791914,0.16228938,1.7071714,1.2052675
2.0646996,2.0539315,2.1700099,2.1577744,0.020324469,-0.65862846,0.80836964,0.36520624
2.0649073,2.054131,2.1702175,2.157974,0.020351887,-0.65853095,0.8083756,0.36521888
2.0656693,2.054199,2.1721833,2.1587503,0.018838882,-0.6596813,0.8068526,0.36378837
2.0658765,2.0543993,2.1723902,2.1589506,0.0188663,-0.6595826,0.80685854,0.363801
2.0795987,2.061692,2.2030635,2.1786695,0.36584425,-0.3556397,1.1448858,0.67300224
2.0800204,2.0621018,2.2034853,2.1790798,0.36590195,-0.3554356,1.1448996,0.6730335
2.0673857,2.056299,2.173137,2.159884,-0.032251835,-0.70173097,0.7573199,0.31954026
2.0675738,2.0564804,2.1733248,2.1600654,-0.0322268,-0.70164275,0.7573252,0.31955147
2.071733,2.0577047,2.1856277,2.1678245,0.20932746,-0.4957447,0.9920244,0.53163505
2.0720417,2.0580044,2.1859365,2.1681244,0.20936966,-0.49558616,0.99203396,0.5316565
2.0469213,2.04387,2.1299527,2.1304345,-0.60342073,-1.1441331,0.22291946,-0.14455771
2.0469835,2.043928,2.130015,2.1304924,-0.6034124,-1.1441107,0.2229209,-0.14455509
2.0499973,2.045898,2.136929,2.1355815,-0.4476173,-1.0279303,0.3665502,-0.022957087
2.050081,2.0459766,2.1370127,2.1356602,-0.44760633,-1.0278983,0.3665521,-0.02295351
2.0622528,2.0519698,2.1647017,2.1532187,-0.13361716,-0.78540134,0.6596408,0.23395991
2.0624177,2.0521283,2.1648667,2.153377,-0.1335938,-0.78532124,0.65964556,0.23396969
2.0915313,2.067678,2.2297034,2.1942496,0.61232305,-0.16836786,1.3874396,0.8785107
2.0919983,2.068122,2.2301707,2.194694,0.61236215,-0.1682024,1.3874478,0.878531
2.0919845,2.0681088,2.2301567,2.1946812,0.61236,-0.16821218,1.3874474,0.87852955
2.0448809,2.0426767,2.1253703,2.127313,-0.6927533,-1.2054629,0.14204478,-0.21115923
2.0449355,2.0427275,2.1254249,2.1273634,-0.6927452,-1.2054596,0.14204478,-0.21115851
2.0655632,2.0531857,2.172615,2.1563914,-0.16075492,-0.80694556,0.63364124,0.21100307
2.0656896,2.0533073,2.1727417,2.1565127,-0.16074061,-0.8068967,0.6336441,0.21100903
2.0482883,2.044623,2.1330256,2.1324537,-0.552866,-1.1076932,0.26906657,-0.10619235
2.0483406,2.044672,2.133078,2.1325028,-0.552861,-1.1076789,0.26906657,-0.10619068
2.0803566,2.0618773,2.2047431,2.179371,0.3622198,-0.3588822,1.14129,0.6695883
2.0807755,2.062285,2.205162,2.1797793,0.36227727,-0.35867906,1.1413037,0.66961956
2.0622532,2.052344,2.1646361,2.1538625,-0.088305,-0.74860096,0.7033558,0.27214122
2.06243,2.0525143,2.1648126,2.1540325,-0.08828044,-0.7485156,0.7033608,0.2721517
2.0702615,2.0559852,2.1824675,2.1641037,0.06192422,-0.6231389,0.84841514,0.40077615
2.0704973,2.0562127,2.182703,2.1643312,0.061956882,-0.6230209,0.8484223,0.40079165
2.044189,2.0424294,2.1238184,2.1265147,-0.70033455,-1.2105823,0.13514471,-0.21688032
2.0442424,2.0424788,2.123872,2.126564,-0.7003267,-1.2105794,0.13514471,-0.2168796
2.0669441,2.0554094,2.1750135,2.1614206,0.11420679,-0.5785725,0.89971304,0.4474535
2.067189,2.0556452,2.1752582,2.1616566,0.11423874,-0.5784559,0.8997202,0.447469
2.1172833,2.0973883,2.284983,2.2613246,0.7460637,0.2653005,1.4597323,1.2284483
2.1187518,2.098792,2.2864523,2.2627308,0.7463598,0.2659831,1.4598022,1.2285482
2.1188588,2.0988944,2.2865593,2.2628334,0.7464051,0.2660885,1.4598128,1.2285634
2.118651,2.0986955,2.2863514,2.2626338,0.74632,0.26589108,1.4597929,1.2285348
2.118492,2.0985448,2.2861922,2.2624826,0.74626327,0.2657609,1.4597795,1.228516
2.11864,2.0986848,2.2863402,2.262623,0.74631596,0.26588154,1.4597919,1.2285335
0.47170037,0.4875635,1.3103503,1.3962417,0.3339281,-0.033196926,1.1364138,0.9486587
0.4711362,0.48700973,1.3097875,1.3957012,0.33381963,-0.033418417,1.1363864,0.9486215
2.0993052,2.072122,2.2471848,2.2074356,0.7289827,-0.035716057,1.5015866,1.0083251
2.1001809,2.0729816,2.248061,2.2082963,0.72909117,-0.03524375,1.5016093,1.0083835
2.0473793,2.0443614,2.131025,2.1315415,-0.5509217,-1.1061945,0.2709341,-0.10470796
2.0474527,2.0444295,2.131098,2.13161,-0.5509114,-1.1061659,0.27093577,-0.10470462
2.0897303,2.067595,2.2256982,2.1939728,0.5928621,-0.16232753,1.3682796,0.8838239
2.0903132,2.0681655,2.2262814,2.1945438,0.59292555,-0.16205692,1.3682929,0.883857
2.0791907,2.060813,2.2021966,2.1770349,0.30222654,-0.41308475,1.0825118,0.6147878
2.0795138,2.0611272,2.20252,2.1773493,0.30226564,-0.41294956,1.0825211,0.61480856
2.0491989,2.0451381,2.1350634,2.1338143,-0.51928353,-1.0822215,0.29995823,-0.0801034
2.0492704,2.045205,2.1351347,2.1338813,-0.51927423,-1.0821962,0.29995966,-0.0801003
2.1040173,2.073304,2.2578175,2.2113245,0.6939244,-0.06798005,1.467233,0.9777763
2.10466,2.0739346,2.2584605,2.2119558,0.69398713,-0.06770897,1.4672459,0.9778094
0.5856829,0.59313697,1.6144537,1.6858106,0.5059254,0.077801466,1.2216918,1.028952
0.58527094,0.59272516,1.6140416,1.6853986,0.50588274,0.07771516,1.2216799,1.0289338
2.0,2.0,2.0,2.0,-1.5054884,-2.8419552,-0.6573131,-1.4268613
2.00322,2.0007465,2.00683,2.0029426,-1.5054784,-2.8418202,-0.6573117,-1.4268556
0.45326307,0.47208598,1.2691964,1.3571713,-0.0038576126,-0.31613398,0.8379948,0.68289304
0.45339388,0.4722056,1.2693273,1.357291,-0.0038442612,-0.31611443,0.83799744,0.68289566
0.45341185,0.4722216,1.2693452,1.3573071,-0.003840685,-0.31610894,0.83799815,0.6828964
2.0,2.0,2.0,2.0,-1.3250828,-2.6519747,-0.51687694,-1.2795186
2.0050848,2.0012531,2.0105743,2.0046704,-1.3250303,-2.6512103,-0.51686764,-1.2794795
2.0,2.0,2.0,2.0,-1.303308,-2.6289325,-0.49961948,-1.2615008
2.0053394,2.0013254,2.0110795,2.0049055,-1.303247,-2.6280408,-0.49960828,-1.2614541
2.0,2.0,2.0,2.0,-1.4938774,-2.8298235,-0.64838886,-1.4176288
2.0033288,2.0007746,2.0070493,2.0030413,-1.493866,-2.82967,-0.64838696,-1.4176221
2.0,2.0,2.0,2.0,-1.5207543,-2.8580465,-0.66902614,-1.4392037
2.00307,2.0007007,2.0065358,2.002803,-1.5207481,-2.8579693,-0.6690252,-1.4392004
2.0,2.0,2.0,2.0,-1.5533772,-2.893021,-0.6938844,-1.4654813
2.0027785,2.0006251,2.0059457,2.0025337,-1.5533729,-2.8929687,-0.69388366,-1.4654789
2.0,2.0,2.0,2.0,-1.1912937,-2.5233698,-0.41295052,-1.1714425
2.0065808,2.0016048,2.0136425,2.0060465,-1.191257,-2.520659,-0.4129429,-1.1714106
2.0,2.0,2.0,2.0,-1.4322376,-2.764092,-0.6008971,-1.3674951
2.0039423,2.000947,2.0082722,2.0036108,-1.4322124,-2.7637367,-0.6008928,-1.3674784
2.0,2.0,2.0,2.0,-1.0499687,-2.3096828,-0.27617764,-1.0352068
2.008627,2.002342,2.0178638,2.0080721,-1.0497789,-2.300084,-0.27614808,-1.0350752
2.0,2.0,2.0,2.0,-1.4910269,-2.826757,-0.646199,-1.4153185
2.003361,2.0007868,2.007109,2.0030713,-1.4910135,-2.8265772,-0.64619684,-1.4153104
2.0,2.0,2.0,2.0,-1.4896736,-2.8251085,-0.6451595,-1.4140592
2.003371,2.0007877,2.0071318,2.0030823,-1.4896607,-2.8249388,-0.6451576,-1.4140515
2.0,2.0,2.0,2.0,-1.5529957,-2.8926907,-0.69358444,-1.4651728
2.0027866,2.0006306,2.0059576,2.0025415,-1.5529904,-2.8926234,-0.6935837,-1.4651699
2.0,2.0,2.0,2.0,-1.1825557,-2.51517,-0.40611243,-1.1645308
2.0066996,2.0016427,2.0138712,2.0061555,-1.1825104,-2.5113935,-0.4061029,-1.1644912
2.0,2.0,2.0,2.0,-1.406302,-2.7367334,-0.5807226,-1.3463006
2.0042102,2.0010204,2.0088089,2.0038588,-1.40627,-2.73628,-0.5807173,-1.3462787
2.0,2.0,2.0,2.0,-1.4192939,-2.750287,-0.59088945,-1.356935
2.0040457,2.0009553,2.0085073,2.0037048,-1.4192791,-2.7500868,-0.59088683,-1.356925
2.0,2.0,2.0,2.0,-1.462244,-2.7960386,-0.6240089,-1.3917928
2.003635,2.000858,2.0076642,2.0033267,-1.4622278,-2.795813,-0.6240063,-1.3917828
2.0,2.0,2.0,2.0,-1.5608916,-2.9013596,-0.69958687,-1.471695
2.002715,2.0006099,2.0058155,2.0024736,-1.5608873,-2.9013057,-0.69958615,-1.4716926
2.0,2.0,2.0,2.0,-1.5296054,-2.8679018,-0.6757622,-1.4465065
2.002999,2.000688,2.0063834,2.0027363,-1.5295973,-2.8677993,-0.675761,-1.4465022
2.0,2.0,2.0,2.0,-1.3968635,-2.726943,-0.5733471,-1.3385763
2.0042977,2.001037,2.0089962,2.0039403,-1.3968339,-2.726523,-0.5733423,-1.3385563
2.0,2.0,2.0,2.0,-1.3660254,-2.6944814,-0.5491977,-1.3132796
2.0046263,2.0011256,2.0096574,2.0042446,-1.3659892,-2.6939607,-0.5491915,-1.3132539
2.0,2.0,2.0,2.0,-1.2722178,-2.733385,-0.4617536,-1.2268987
2.0081007,2.0033495,2.0145762,2.007707,-1.205975,-2.1083627,-0.45575285,-1.185607
2.0,2.0,2.0,2.0,-1.4161711,-2.747209,-0.58840656,-1.3543668
2.0040996,2.0009851,2.0085952,2.003757,-1.4161448,-2.746839,-0.58840203,-1.3543491
2.0,2.0,2.0,2.0,-1.4706845,-2.8050046,-0.6305258,-1.3986521
2.0035512,2.0008347,2.007497,2.0032492,-1.4706697,-2.804803,-0.63052344,-1.398643
2.0,2.0,2.0,2.0,-1.49442,-2.8300095,-0.6488311,-1.4179144
2.0033174,2.000768,2.0070322,2.003032,-1.494411,-2.8298898,-0.6488297,-1.4179091
2.0,2.0,2.0,2.0,-1.2185102,-2.5461302,-0.4337206,-1.1929855
2.0062587,2.0015225,2.0129926,2.00575,-1.2184763,-2.5456157,-0.4337139,-1.1929569
2.0,2.0,2.0,2.0,-1.5097156,-2.8466773,-0.660553,-1.4304461
2.0031803,2.0007353,2.00675,2.002904,-1.509706,-2.846551,-0.66055155,-1.4304409
2.0,2.0,2.0,2.0,-1.4931569,-2.8284826,-0.6478894,-1.4169044
2.0033188,2.000761,2.0070446,2.0030324,-1.4931507,-2.8284025,-0.6478884,-1.4169006
2.0,2.0,2.0,2.0,-0.99777794,-2.2248335,-0.22573495,-0.98550653
2.0093937,2.002606,2.01939,2.0087929,-0.9970553,-2.2168226,-0.22570848,-0.9853885
2.0,2.0,2.0,2.0,-1.4457226,-2.7784228,-0.61134744,-1.378478
2.003792,2.0008972,2.0079849,2.0034719,-1.4457054,-2.778184,-0.6113446,-1.3784666
2.0,2.0,2.0,2.0,-1.313096,-2.639597,-0.50735664,-1.2695994
2.0052118,2.0012815,2.0108397,2.0047882,-1.3130445,-2.6389632,-0.5073476,-1.2695603
2.0,2.0,2.0,2.0,-1.1411872,-2.4647484,-0.36567998,-1.124968
2.007405,2.0019355,2.015253,2.0068655,-1.140976,-2.4491687,-0.36563778,-1.1247816
2.0,2.0,2.0,2.0,-1.5391607,-2.8777041,-0.68307614,-1.4540434
2.002901,2.0006547,2.0061967,2.0026467,-1.5391564,-2.8776507,-0.68307567,-1.454041
2.0,2.0,2.0,2.0,-1.4901628,-2.825694,-0.6455269,-1.4144521
2.0033677,2.000788,2.0071242,2.0030794,-1.49015,-2.8255157,-0.64552474,-1.414444
2.0,2.0,2.0,2.0,-1.485682,-2.873979,-0.63805985,-1.4104748
2.004686,2.0018654,2.0085912,2.0043433,-1.4763284,-2.6243863,-0.63690877,-1.4046965
